codigo,nome,marca,projeto_nome,quantidade,quantidade_produzida,peso_unitario,peso_total,etapa,status,percentual_conclusao,responsavel
CA2,CALHA,CA2,Super Luna Belo Vale,2,0,104.85,104.85,montagem,pendente,0,
CA16,CALHA,CA16,Super Luna Belo Vale,1,0,4.4,4.4,montagem,pendente,0,
CA3,CALHA,CA3,Super Luna Belo Vale,8,0,103.29,103.29,montagem,pendente,0,
CA4,CALHA,CA4,Super Luna Belo Vale,2,0,104.85,104.85,montagem,pendente,0,
CA5,CALHA,CA5,Super Luna Belo Vale,19,0,93.55,93.55,montagem,pendente,0,
CA15,CALHA,CA15,Super Luna Belo Vale,1,0,34.4,34.4,montagem,pendente,0,
CA10,CALHA,CA10,Super Luna Belo Vale,2,0,89.55,89.55,montagem,pendente,0,
CA11,CALHA,CA11,Super Luna Belo Vale,1,0,88.4,88.4,montagem,pendente,0,
CA7,CALHA,CA7,Super Luna Belo Vale,2,0,94.85,94.85,montagem,pendente,0,
CA6,CALHA,CA6,Super Luna Belo Vale,1,0,24.9,24.9,montagem,pendente,0,
CA13,CALHA,CA13,Super Luna Belo Vale,2,0,89.55,89.55,montagem,pendente,0,
CA8,CALHA,CA8,Super Luna Belo Vale,2,0,111.2,111.2,montagem,pendente,0,
CA9,CALHA,CA9,Super Luna Belo Vale,5,0,109.48,109.48,montagem,pendente,0,
CA14,CALHA,CA14,Super Luna Belo Vale,1,0,28.1,28.1,montagem,pendente,0,
CA12,CALHA,CA12,Super Luna Belo Vale,1,0,10.3,10.3,montagem,pendente,0,
C10A,COLUNA,C10A,Super Luna Belo Vale,1,0,618.9,618.9,montagem,pendente,0,
C29A,COLUNA,C29A,Super Luna Belo Vale,1,0,441.8,441.8,montagem,pendente,0,
C39A,COLUNA,C39A,Super Luna Belo Vale,1,0,657.1,657.1,montagem,pendente,0,
C40A,COLUNA,C40A,Super Luna Belo Vale,1,0,214.1,214.1,montagem,pendente,0,
C47A,COLUNA,C47A,Super Luna Belo Vale,1,0,191.1,191.1,montagem,pendente,0,
C14A,COLUNA,C14A,Super Luna Belo Vale,1,0,617.1,617.1,montagem,pendente,0,
CT32,CONTRAVENTAMENTO,CT32,Super Luna Belo Vale,2,0,19.55,19.55,montagem,pendente,0,
CT33,CONTRAVENTAMENTO,CT33,Super Luna Belo Vale,2,0,18.75,18.75,montagem,pendente,0,
TC20,TERÇA,TC20,Super Luna Belo Vale,1,0,26.6,26.6,montagem,pendente,0,
TC30,TERÇA,TC30,Super Luna Belo Vale,3,0,26.03,26.03,montagem,pendente,0,
C42A,COLUNA,C42A,Super Luna Belo Vale,1,0,217.1,217.1,montagem,pendente,0,
CT34,CONTRAVENTAMENTO,CT34,Super Luna Belo Vale,4,0,9.8,9.8,montagem,pendente,0,
TC5,TERÇA,TC5,Super Luna Belo Vale,1,0,60.6,60.6,montagem,pendente,0,
TC22,TERÇA,TC22,Super Luna Belo Vale,1,0,49.9,49.9,montagem,pendente,0,
TC29,TERÇA,TC29,Super Luna Belo Vale,3,0,26.03,26.03,montagem,pendente,0,
TC32,TERÇA,TC32,Super Luna Belo Vale,5,0,59.34,59.34,montagem,pendente,0,
C6A,COLUNA,C6A,Super Luna Belo Vale,7,0,257.2,257.2,montagem,pendente,0,
C7A,COLUNA,C7A,Super Luna Belo Vale,1,0,581.8,581.8,montagem,pendente,0,
C16A,COLUNA,C16A,Super Luna Belo Vale,2,0,776.65,776.65,montagem,pendente,0,
C13A,COLUNA,C13A,Super Luna Belo Vale,1,0,610.8,610.8,montagem,pendente,0,
C19A,COLUNA,C19A,Super Luna Belo Vale,1,0,574.7,574.7,montagem,pendente,0,
C43A,COLUNA,C43A,Super Luna Belo Vale,1,0,611,611,montagem,pendente,0,
C45A,COLUNA,C45A,Super Luna Belo Vale,1,0,326.3,326.3,montagem,pendente,0,
TC11,TERÇA,TC11,Super Luna Belo Vale,19,0,61.81,61.81,montagem,pendente,0,
TC14,TERÇA,TC14,Super Luna Belo Vale,1,0,28.1,28.1,montagem,pendente,0,
TC18,TERÇA,TC18,Super Luna Belo Vale,2,0,52.25,52.25,montagem,pendente,0,
TC23,TERÇA,TC23,Super Luna Belo Vale,1,0,49.9,49.9,montagem,pendente,0,
TC31,TERÇA,TC31,Super Luna Belo Vale,3,0,26.03,26.03,montagem,pendente,0,
TC36,TERÇA,TC36,Super Luna Belo Vale,1,0,22.4,22.4,montagem,pendente,0,
TC38,TERÇA,TC38,Super Luna Belo Vale,2,0,22.35,22.35,montagem,pendente,0,
C31A,COLUNA,C31A,Super Luna Belo Vale,1,0,591.6,591.6,montagem,pendente,0,
CA1,CALHA,CA1,Super Luna Belo Vale,2,0,94.85,94.85,montagem,pendente,0,
CT31,CONTRAVENTAMENTO,CT31,Super Luna Belo Vale,8,0,13.65,13.65,montagem,pendente,0,
TC3,TERÇA,TC3,Super Luna Belo Vale,1,0,61.8,61.8,montagem,pendente,0,
TC33,TERÇA,TC33,Super Luna Belo Vale,5,0,82.54,82.54,montagem,pendente,0,
TC34,TERÇA,TC34,Super Luna Belo Vale,4,0,61.8,61.8,montagem,pendente,0,
C4A,COLUNA,C4A,Super Luna Belo Vale,1,0,595.6,595.6,montagem,pendente,0,
C12A,COLUNA,C12A,Super Luna Belo Vale,1,0,601.8,601.8,montagem,pendente,0,
C15A,COLUNA,C15A,Super Luna Belo Vale,1,0,636.4,636.4,montagem,pendente,0,
MF3,MÃO-FRANCESA,MF3,Super Luna Belo Vale,80,0,2.58,2.58,montagem,pendente,0,
TC16,TERÇA,TC16,Super Luna Belo Vale,1,0,52.3,52.3,montagem,pendente,0,
TC27,TERÇA,TC27,Super Luna Belo Vale,4,0,61.8,61.8,montagem,pendente,0,
C17A,COLUNA,C17A,Super Luna Belo Vale,1,0,614.3,614.3,montagem,pendente,0,
C18A,COLUNA,C18A,Super Luna Belo Vale,1,0,610.3,610.3,montagem,pendente,0,
SP1,SUPORTE,SP1,Super Luna Belo Vale,1,0,53.1,53.1,montagem,pendente,0,
TC9,TERÇA,TC9,Super Luna Belo Vale,28,0,59.34,59.34,montagem,pendente,0,
TC28,TERÇA,TC28,Super Luna Belo Vale,5,0,57.58,57.58,montagem,pendente,0,
TC37,TERÇA,TC37,Super Luna Belo Vale,1,0,22.4,22.4,montagem,pendente,0,
C33A,COLUNA,C33A,Super Luna Belo Vale,1,0,603.2,603.2,montagem,pendente,0,
TC21,TERÇA,TC21,Super Luna Belo Vale,1,0,26.6,26.6,montagem,pendente,0,
C9A,COLUNA,C9A,Super Luna Belo Vale,1,0,593.6,593.6,montagem,pendente,0,
C30A,COLUNA,C30A,Super Luna Belo Vale,1,0,259.6,259.6,montagem,pendente,0,
C34A,COLUNA,C34A,Super Luna Belo Vale,1,0,614.5,614.5,montagem,pendente,0,
C46A,COLUNA,C46A,Super Luna Belo Vale,1,0,195.6,195.6,montagem,pendente,0,
MF2,MÃO-FRANCESA,MF2,Super Luna Belo Vale,139,0,2.62,2.62,montagem,pendente,0,
TC1,TERÇA,TC1,Super Luna Belo Vale,1,0,60.6,60.6,montagem,pendente,0,
TC26,TERÇA,TC26,Super Luna Belo Vale,6,0,82.55,82.55,montagem,pendente,0,
C1A,COLUNA,C1A,Super Luna Belo Vale,1,0,598.6,598.6,montagem,pendente,0,
C21A,COLUNA,C21A,Super Luna Belo Vale,1,0,599.9,599.9,montagem,pendente,0,
C28A,COLUNA,C28A,Super Luna Belo Vale,1,0,630.4,630.4,montagem,pendente,0,
C36A,COLUNA,C36A,Super Luna Belo Vale,1,0,697.3,697.3,montagem,pendente,0,
TC4,TERÇA,TC4,Super Luna Belo Vale,1,0,65.9,65.9,montagem,pendente,0,
TC10,TERÇA,TC10,Super Luna Belo Vale,28,0,82.54,82.54,montagem,pendente,0,
TC13,TERÇA,TC13,Super Luna Belo Vale,1,0,28.1,28.1,montagem,pendente,0,
TC15,TERÇA,TC15,Super Luna Belo Vale,1,0,28.1,28.1,montagem,pendente,0,
TC17,TERÇA,TC17,Super Luna Belo Vale,1,0,52.3,52.3,montagem,pendente,0,
TC25,TERÇA,TC25,Super Luna Belo Vale,6,0,59.35,59.35,montagem,pendente,0,
C2A,COLUNA,C2A,Super Luna Belo Vale,1,0,595.6,595.6,montagem,pendente,0,
C20A,COLUNA,C20A,Super Luna Belo Vale,3,0,769.43,769.43,montagem,pendente,0,
C23A,COLUNA,C23A,Super Luna Belo Vale,1,0,597.1,597.1,montagem,pendente,0,
C24A,COLUNA,C24A,Super Luna Belo Vale,1,0,745.1,745.1,montagem,pendente,0,
C26A,COLUNA,C26A,Super Luna Belo Vale,1,0,745.1,745.1,montagem,pendente,0,
C27A,COLUNA,C27A,Super Luna Belo Vale,1,0,595.5,595.5,montagem,pendente,0,
TC7,TERÇA,TC7,Super Luna Belo Vale,1,0,61.8,61.8,montagem,pendente,0,
TC19,TERÇA,TC19,Super Luna Belo Vale,1,0,26.6,26.6,montagem,pendente,0,
BC2,BOCAL,BC2,Super Luna Belo Vale,35,0,1.04,1.04,montagem,pendente,0,
C11A,COLUNA,C11A,Super Luna Belo Vale,2,0,731.65,731.65,montagem,pendente,0,
C25A,COLUNA,C25A,Super Luna Belo Vale,1,0,745.1,745.1,montagem,pendente,0,
C32A,COLUNA,C32A,Super Luna Belo Vale,2,0,750.55,750.55,montagem,pendente,0,
C38A,COLUNA,C38A,Super Luna Belo Vale,1,0,683.8,683.8,montagem,pendente,0,
C41A,COLUNA,C41A,Super Luna Belo Vale,1,0,611,611,montagem,pendente,0,
DN1,DIAGONAL,DN1,Super Luna Belo Vale,13,0,97.64,97.64,montagem,pendente,0,
MF1,MÃO-FRANCESA,MF1,Super Luna Belo Vale,72,0,2.36,2.36,montagem,pendente,0,
TC12,TERÇA,TC12,Super Luna Belo Vale,17,0,57.58,57.58,montagem,pendente,0,
BC1,BOCAL,BC1,Super Luna Belo Vale,22,0,1.88,1.88,montagem,pendente,0,
C3A,COLUNA,C3A,Super Luna Belo Vale,1,0,595.6,595.6,montagem,pendente,0,
C5A,COLUNA,C5A,Super Luna Belo Vale,1,0,606.4,606.4,montagem,pendente,0,
C8A,COLUNA,C8A,Super Luna Belo Vale,1,0,575.5,575.5,montagem,pendente,0,
C22A,COLUNA,C22A,Super Luna Belo Vale,1,0,159,159,montagem,pendente,0,
C35A,COLUNA,C35A,Super Luna Belo Vale,2,0,793.45,793.45,montagem,pendente,0,
MF4,MÃO-FRANCESA,MF4,Super Luna Belo Vale,12,0,2.32,2.32,montagem,pendente,0,
TC2,TERÇA,TC2,Super Luna Belo Vale,1,0,92.2,92.2,montagem,pendente,0,
TC6,TERÇA,TC6,Super Luna Belo Vale,1,0,92.2,92.2,montagem,pendente,0,
TC8,TERÇA,TC8,Super Luna Belo Vale,1,0,65.9,65.9,montagem,pendente,0,
TC24,TERÇA,TC24,Super Luna Belo Vale,2,0,49.95,49.95,montagem,pendente,0,
TC35,TERÇA,TC35,Super Luna Belo Vale,5,0,57.58,57.58,montagem,pendente,0,
C37A,COLUNA,C37A,Super Luna Belo Vale,1,0,599.4,599.4,montagem,pendente,0,
C44A,COLUNA,C44A,Super Luna Belo Vale,1,0,683.1,683.1,montagem,pendente,0,
CT30,CONTRAVENTAMENTO,CT30,Super Luna Belo Vale,4,0,11.4,11.4,montagem,pendente,0,
CT27,CONTRAVENTAMENTO,CT27,Super Luna Belo Vale,2,0,17.45,17.45,montagem,pendente,0,
CT28,CONTRAVENTAMENTO,CT28,Super Luna Belo Vale,2,0,18.3,18.3,montagem,pendente,0,
CT29,CONTRAVENTAMENTO,CT29,Super Luna Belo Vale,8,0,11.34,11.34,montagem,pendente,0,
TL20,TRELIÇA,TL20,Super Luna Belo Vale,1,0,47.8,47.8,montagem,pendente,0,
TP4,TERÇA-TAP,TP4,Super Luna Belo Vale,1,0,60.6,60.6,montagem,pendente,0,
TP19,TERÇA-TAP,TP19,Super Luna Belo Vale,1,0,35.3,35.3,montagem,pendente,0,
TP1,TERÇA-TAP,TP1,Super Luna Belo Vale,2,0,12.6,12.6,montagem,pendente,0,
TP14,TERÇA-TAP,TP14,Super Luna Belo Vale,1,0,58.8,58.8,montagem,pendente,0,
TP3,TERÇA-TAP,TP3,Super Luna Belo Vale,1,0,61.3,61.3,montagem,pendente,0,
TP16,TERÇA-TAP,TP16,Super Luna Belo Vale,1,0,28.3,28.3,montagem,pendente,0,
TP21,TERÇA-TAP,TP21,Super Luna Belo Vale,1,0,52.8,52.8,montagem,pendente,0,
TP22,TERÇA-TAP,TP22,Super Luna Belo Vale,1,0,51.5,51.5,montagem,pendente,0,
TP5,TERÇA-TAP,TP5,Super Luna Belo Vale,1,0,77.1,77.1,montagem,pendente,0,
TP26,TERÇA-TAP,TP26,Super Luna Belo Vale,1,0,26.3,26.3,montagem,pendente,0,
CB4,CHUMBADOR,CB4,Super Luna Belo Vale,40,0,2.19,2.19,montagem,pendente,0,
TL11,TRELIÇA,TL11,Super Luna Belo Vale,2,0,101.1,101.1,montagem,pendente,0,
CL1,COLUNETA,CL1,Super Luna Belo Vale,3,0,81.67,81.67,montagem,pendente,0,
TL17,TRELIÇA,TL17,Super Luna Belo Vale,1,0,91.1,91.1,montagem,pendente,0,
TP18,TERÇA-TAP,TP18,Super Luna Belo Vale,1,0,27.5,27.5,montagem,pendente,0,
CT4,CONTRAVENTAMENTO,CT4,Super Luna Belo Vale,2,0,15.8,15.8,montagem,pendente,0,
CT7,CONTRAVENTAMENTO,CT7,Super Luna Belo Vale,18,0,18.39,18.39,montagem,pendente,0,
TL18,TRELIÇA,TL18,Super Luna Belo Vale,1,0,106.5,106.5,montagem,pendente,0,
TP7,TERÇA-TAP,TP7,Super Luna Belo Vale,1,0,82.5,82.5,montagem,pendente,0,
TP11,TERÇA-TAP,TP11,Super Luna Belo Vale,1,0,74.7,74.7,montagem,pendente,0,
TP23,TERÇA-TAP,TP23,Super Luna Belo Vale,1,0,52,52,montagem,pendente,0,
TP24,TERÇA-TAP,TP24,Super Luna Belo Vale,2,0,26.6,26.6,montagem,pendente,0,
CB2,CHUMBADOR,CB2,Super Luna Belo Vale,52,0,1.24,1.24,montagem,pendente,0,
CT2,CONTRAVENTAMENTO,CT2,Super Luna Belo Vale,2,0,18.15,18.15,montagem,pendente,0,
TL14,TRELIÇA,TL14,Super Luna Belo Vale,1,0,49.6,49.6,montagem,pendente,0,
TL19,TRELIÇA,TL19,Super Luna Belo Vale,2,0,67.25,67.25,montagem,pendente,0,
TL23,TRELIÇA,TL23,Super Luna Belo Vale,1,0,64.2,64.2,montagem,pendente,0,
TP6,TERÇA-TAP,TP6,Super Luna Belo Vale,2,0,82.55,82.55,montagem,pendente,0,
TP25,TERÇA-TAP,TP25,Super Luna Belo Vale,1,0,33.6,33.6,montagem,pendente,0,
CB3,CHUMBADOR,CB3,Super Luna Belo Vale,24,0,2.19,2.19,montagem,pendente,0,
TL8,TRELIÇA,TL8,Super Luna Belo Vale,1,0,108,108,montagem,pendente,0,
TL16,TRELIÇA,TL16,Super Luna Belo Vale,1,0,87.8,87.8,montagem,pendente,0,
TL12,TRELIÇA,TL12,Super Luna Belo Vale,1,0,46.7,46.7,montagem,pendente,0,
TL24,TRELIÇA,TL24,Super Luna Belo Vale,1,0,53.2,53.2,montagem,pendente,0,
TL10,TRELIÇA,TL10,Super Luna Belo Vale,1,0,83.8,83.8,montagem,pendente,0,
TL13,TRELIÇA,TL13,Super Luna Belo Vale,1,0,87.2,87.2,montagem,pendente,0,
TL15,TRELIÇA,TL15,Super Luna Belo Vale,1,0,82.5,82.5,montagem,pendente,0,
TP8,TERÇA-TAP,TP8,Super Luna Belo Vale,1,0,82.5,82.5,montagem,pendente,0,
TP13,TERÇA-TAP,TP13,Super Luna Belo Vale,1,0,59.6,59.6,montagem,pendente,0,
CB1,CHUMBADOR,CB1,Super Luna Belo Vale,124,0,2.19,2.19,montagem,pendente,0,
CT1,CONTRAVENTAMENTO,CT1,Super Luna Belo Vale,2,0,17.35,17.35,montagem,pendente,0,
TL9,TRELIÇA,TL9,Super Luna Belo Vale,1,0,82.2,82.2,montagem,pendente,0,
TP29,TERÇA-TAP,TP29,Super Luna Belo Vale,1,0,49.9,49.9,montagem,pendente,0,
CT5,CONTRAVENTAMENTO,CT5,Super Luna Belo Vale,6,0,15.8,15.8,montagem,pendente,0,
CT6,CONTRAVENTAMENTO,CT6,Super Luna Belo Vale,18,0,17.58,17.58,montagem,pendente,0,
TL22,TRELIÇA,TL22,Super Luna Belo Vale,1,0,67.4,67.4,montagem,pendente,0,
TP10,TERÇA-TAP,TP10,Super Luna Belo Vale,2,0,61.8,61.8,montagem,pendente,0,
TP12,TERÇA-TAP,TP12,Super Luna Belo Vale,1,0,58.8,58.8,montagem,pendente,0,
TP20,TERÇA-TAP,TP20,Super Luna Belo Vale,1,0,52.8,52.8,montagem,pendente,0,
TP28,TERÇA-TAP,TP28,Super Luna Belo Vale,1,0,49.9,49.9,montagem,pendente,0,
TP2,TERÇA-TAP,TP2,Super Luna Belo Vale,1,0,60.6,60.6,montagem,pendente,0,
CT3,CONTRAVENTAMENTO,CT3,Super Luna Belo Vale,4,0,11.6,11.6,montagem,pendente,0,
TL21,TRELIÇA,TL21,Super Luna Belo Vale,1,0,39.8,39.8,montagem,pendente,0,
TP9,TERÇA-TAP,TP9,Super Luna Belo Vale,2,0,61.8,61.8,montagem,pendente,0,
TP15,TERÇA-TAP,TP15,Super Luna Belo Vale,1,0,74.9,74.9,montagem,pendente,0,
TP17,TERÇA-TAP,TP17,Super Luna Belo Vale,1,0,28.5,28.5,montagem,pendente,0,
TP27,TERÇA-TAP,TP27,Super Luna Belo Vale,2,0,49.95,49.95,montagem,pendente,0,
CT25,CONTRAVENTAMENTO,CT25,Super Luna Belo Vale,2,0,17.65,17.65,montagem,pendente,0,
CT10,CONTRAVENTAMENTO,CT10,Super Luna Belo Vale,2,0,18.2,18.2,montagem,pendente,0,
CT9,CONTRAVENTAMENTO,CT9,Super Luna Belo Vale,12,0,11.53,11.53,montagem,pendente,0,
CT24,CONTRAVENTAMENTO,CT24,Super Luna Belo Vale,4,0,16.6,16.6,montagem,pendente,0,
CT18,CONTRAVENTAMENTO,CT18,Super Luna Belo Vale,4,0,10.75,10.75,montagem,pendente,0,
CT22,CONTRAVENTAMENTO,CT22,Super Luna Belo Vale,2,0,18.5,18.5,montagem,pendente,0,
CT19,CONTRAVENTAMENTO,CT19,Super Luna Belo Vale,2,0,19.75,19.75,montagem,pendente,0,
CT23,CONTRAVENTAMENTO,CT23,Super Luna Belo Vale,2,0,18.55,18.55,montagem,pendente,0,
CT15,CONTRAVENTAMENTO,CT15,Super Luna Belo Vale,2,0,15.85,15.85,montagem,pendente,0,
CT16,CONTRAVENTAMENTO,CT16,Super Luna Belo Vale,6,0,17.63,17.63,montagem,pendente,0,
CT14,CONTRAVENTAMENTO,CT14,Super Luna Belo Vale,2,0,15.85,15.85,montagem,pendente,0,
CT20,CONTRAVENTAMENTO,CT20,Super Luna Belo Vale,1,0,19,19,montagem,pendente,0,
CT8,CONTRAVENTAMENTO,CT8,Super Luna Belo Vale,4,0,11.68,11.68,montagem,pendente,0,
CT12,CONTRAVENTAMENTO,CT12,Super Luna Belo Vale,2,0,17,17,montagem,pendente,0,
CT26,CONTRAVENTAMENTO,CT26,Super Luna Belo Vale,2,0,18.45,18.45,montagem,pendente,0,
CT13,CONTRAVENTAMENTO,CT13,Super Luna Belo Vale,2,0,17.85,17.85,montagem,pendente,0,
CT17,CONTRAVENTAMENTO,CT17,Super Luna Belo Vale,6,0,18.43,18.43,montagem,pendente,0,
CT11,CONTRAVENTAMENTO,CT11,Super Luna Belo Vale,2,0,19,19,montagem,pendente,0,
CT21,CONTRAVENTAMENTO,CT21,Super Luna Belo Vale,1,0,18.8,18.8,montagem,pendente,0,
TP83,TERÇA-TAP,TP83,Super Luna Belo Vale,1,0,32.3,32.3,montagem,pendente,0,
TC75,TERÇA,TC75,Super Luna Belo Vale,5,0,62.38,62.38,montagem,pendente,0,
TC79,TERÇA,TC79,Super Luna Belo Vale,1,0,19.8,19.8,montagem,pendente,0,
TP84,TERÇA-TAP,TP84,Super Luna Belo Vale,1,0,85.3,85.3,montagem,pendente,0,
TP90,TERÇA-TAP,TP90,Super Luna Belo Vale,1,0,33.6,33.6,montagem,pendente,0,
TP95,TERÇA-TAP,TP95,Super Luna Belo Vale,1,0,44.5,44.5,montagem,pendente,0,
TP109,TERÇA-TAP,TP109,Super Luna Belo Vale,1,0,69.2,69.2,montagem,pendente,0,
TR3,TIRANTE,TR3,Super Luna Belo Vale,2,0,1.8,1.8,montagem,pendente,0,
TR5,TIRANTE,TR5,Super Luna Belo Vale,2,0,2.1,2.1,montagem,pendente,0,
TC47,TERÇA,TC47,Super Luna Belo Vale,2,0,61.9,61.9,montagem,pendente,0,
TC52,TERÇA,TC52,Super Luna Belo Vale,1,0,23.1,23.1,montagem,pendente,0,
TC55,TERÇA,TC55,Super Luna Belo Vale,1,0,55.3,55.3,montagem,pendente,0,
TC78,TERÇA,TC78,Super Luna Belo Vale,1,0,19.8,19.8,montagem,pendente,0,
TP85,TERÇA-TAP,TP85,Super Luna Belo Vale,1,0,85.3,85.3,montagem,pendente,0,
TP86,TERÇA-TAP,TP86,Super Luna Belo Vale,1,0,87.8,87.8,montagem,pendente,0,
TP106,TERÇA-TAP,TP106,Super Luna Belo Vale,1,0,83.6,83.6,montagem,pendente,0,
TC45,TERÇA,TC45,Super Luna Belo Vale,1,0,51.9,51.9,montagem,pendente,0,
TC48,TERÇA,TC48,Super Luna Belo Vale,2,0,61.9,61.9,montagem,pendente,0,
TC80,TERÇA,TC80,Super Luna Belo Vale,1,0,19.8,19.8,montagem,pendente,0,
TP94,TERÇA-TAP,TP94,Super Luna Belo Vale,1,0,51.4,51.4,montagem,pendente,0,
TP104,TERÇA-TAP,TP104,Super Luna Belo Vale,1,0,11.9,11.9,montagem,pendente,0,
TR6,TIRANTE,TR6,Super Luna Belo Vale,2,0,1.9,1.9,montagem,pendente,0,
TC49,TERÇA,TC49,Super Luna Belo Vale,4,0,61.9,61.9,montagem,pendente,0,
TC70,TERÇA,TC70,Super Luna Belo Vale,2,0,62.35,62.35,montagem,pendente,0,
TC77,TERÇA,TC77,Super Luna Belo Vale,1,0,24.1,24.1,montagem,pendente,0,
TL5,TRELIÇA,TL5,Super Luna Belo Vale,1,0,108.7,108.7,montagem,pendente,0,
TP97,TERÇA-TAP,TP97,Super Luna Belo Vale,2,0,35.85,35.85,montagem,pendente,0,
TC76,TERÇA,TC76,Super Luna Belo Vale,1,0,33,33,montagem,pendente,0,
TP92,TERÇA-TAP,TP92,Super Luna Belo Vale,2,0,33.6,33.6,montagem,pendente,0,
TR4,TIRANTE,TR4,Super Luna Belo Vale,2,0,2.1,2.1,montagem,pendente,0,
TC53,TERÇA,TC53,Super Luna Belo Vale,1,0,55.3,55.3,montagem,pendente,0,
TC60,TERÇA,TC60,Super Luna Belo Vale,2,0,25.3,25.3,montagem,pendente,0,
TC66,TERÇA,TC66,Super Luna Belo Vale,1,0,25.6,25.6,montagem,pendente,0,
TC69,TERÇA,TC69,Super Luna Belo Vale,1,0,62.4,62.4,montagem,pendente,0,
TP87,TERÇA-TAP,TP87,Super Luna Belo Vale,1,0,54.9,54.9,montagem,pendente,0,
TP98,TERÇA-TAP,TP98,Super Luna Belo Vale,1,0,35.8,35.8,montagem,pendente,0,
TP100,TERÇA-TAP,TP100,Super Luna Belo Vale,1,0,35.8,35.8,montagem,pendente,0,
TP105,TERÇA-TAP,TP105,Super Luna Belo Vale,1,0,16.5,16.5,montagem,pendente,0,
TP108,TERÇA-TAP,TP108,Super Luna Belo Vale,1,0,82.5,82.5,montagem,pendente,0,
TR1,TIRANTE,TR1,Super Luna Belo Vale,2,0,1.8,1.8,montagem,pendente,0,
TC58,TERÇA,TC58,Super Luna Belo Vale,2,0,21.3,21.3,montagem,pendente,0,
TL3,TRELIÇA,TL3,Super Luna Belo Vale,1,0,63.8,63.8,montagem,pendente,0,
TL6,TRELIÇA,TL6,Super Luna Belo Vale,1,0,81.9,81.9,montagem,pendente,0,
TP91,TERÇA-TAP,TP91,Super Luna Belo Vale,1,0,42.5,42.5,montagem,pendente,0,
TP93,TERÇA-TAP,TP93,Super Luna Belo Vale,1,0,33.6,33.6,montagem,pendente,0,
TC51,TERÇA,TC51,Super Luna Belo Vale,1,0,23.1,23.1,montagem,pendente,0,
TC59,TERÇA,TC59,Super Luna Belo Vale,2,0,25.3,25.3,montagem,pendente,0,
TC62,TERÇA,TC62,Super Luna Belo Vale,2,0,56.85,56.85,montagem,pendente,0,
TL7,TRELIÇA,TL7,Super Luna Belo Vale,1,0,45.7,45.7,montagem,pendente,0,
TP99,TERÇA-TAP,TP99,Super Luna Belo Vale,2,0,35.85,35.85,montagem,pendente,0,
TC64,TERÇA,TC64,Super Luna Belo Vale,4,0,62.38,62.38,montagem,pendente,0,
TL1,TRELIÇA,TL1,Super Luna Belo Vale,1,0,64.9,64.9,montagem,pendente,0,
TP102,TERÇA-TAP,TP102,Super Luna Belo Vale,1,0,60.6,60.6,montagem,pendente,0,
TC73,TERÇA,TC73,Super Luna Belo Vale,2,0,33.6,33.6,montagem,pendente,0,
TP101,TERÇA-TAP,TP101,Super Luna Belo Vale,2,0,60.6,60.6,montagem,pendente,0,
TP110,TERÇA-TAP,TP110,Super Luna Belo Vale,2,0,62.95,62.95,montagem,pendente,0,
TR2,TIRANTE,TR2,Super Luna Belo Vale,17,0,3.69,3.69,montagem,pendente,0,
TC44,TERÇA,TC44,Super Luna Belo Vale,1,0,51.9,51.9,montagem,pendente,0,
TC56,TERÇA,TC56,Super Luna Belo Vale,1,0,21.3,21.3,montagem,pendente,0,
TP111,TERÇA-TAP,TP111,Super Luna Belo Vale,1,0,63,63,montagem,pendente,0,
TP112,TERÇA-TAP,TP112,Super Luna Belo Vale,1,0,81.9,81.9,montagem,pendente,0,
TC42,TERÇA,TC42,Super Luna Belo Vale,1,0,59.3,59.3,montagem,pendente,0,
TC43,TERÇA,TC43,Super Luna Belo Vale,1,0,82.5,82.5,montagem,pendente,0,
TC71,TERÇA,TC71,Super Luna Belo Vale,1,0,62.4,62.4,montagem,pendente,0,
TC72,TERÇA,TC72,Super Luna Belo Vale,2,0,33.6,33.6,montagem,pendente,0,
TC50,TERÇA,TC50,Super Luna Belo Vale,1,0,23.1,23.1,montagem,pendente,0,
TC67,TERÇA,TC67,Super Luna Belo Vale,1,0,25.6,25.6,montagem,pendente,0,
TP88,TERÇA-TAP,TP88,Super Luna Belo Vale,1,0,25.3,25.3,montagem,pendente,0,
TP89,TERÇA-TAP,TP89,Super Luna Belo Vale,2,0,33.6,33.6,montagem,pendente,0,
TP103,TERÇA-TAP,TP103,Super Luna Belo Vale,1,0,77.1,77.1,montagem,pendente,0,
TC40,TERÇA,TC40,Super Luna Belo Vale,1,0,50.3,50.3,montagem,pendente,0,
TC54,TERÇA,TC54,Super Luna Belo Vale,1,0,55.3,55.3,montagem,pendente,0,
TC57,TERÇA,TC57,Super Luna Belo Vale,1,0,21.3,21.3,montagem,pendente,0,
TC61,TERÇA,TC61,Super Luna Belo Vale,2,0,25.3,25.3,montagem,pendente,0,
TC63,TERÇA,TC63,Super Luna Belo Vale,2,0,53.9,53.9,montagem,pendente,0,
TC65,TERÇA,TC65,Super Luna Belo Vale,1,0,15.9,15.9,montagem,pendente,0,
TC68,TERÇA,TC68,Super Luna Belo Vale,1,0,25.6,25.6,montagem,pendente,0,
TP107,TERÇA-TAP,TP107,Super Luna Belo Vale,1,0,82.5,82.5,montagem,pendente,0,
TC81,TERÇA,TC81,Super Luna Belo Vale,1,0,33,33,montagem,pendente,0,
TC82,TERÇA,TC82,Super Luna Belo Vale,1,0,24.1,24.1,montagem,pendente,0,
TL2,TRELIÇA,TL2,Super Luna Belo Vale,1,0,83.4,83.4,montagem,pendente,0,
TP96,TERÇA-TAP,TP96,Super Luna Belo Vale,1,0,54,54,montagem,pendente,0,
TC39,TERÇA,TC39,Super Luna Belo Vale,1,0,50.3,50.3,montagem,pendente,0,
TC41,TERÇA,TC41,Super Luna Belo Vale,2,0,50.25,50.25,montagem,pendente,0,
TC46,TERÇA,TC46,Super Luna Belo Vale,1,0,51.9,51.9,montagem,pendente,0,
TC74,TERÇA,TC74,Super Luna Belo Vale,2,0,33.6,33.6,montagem,pendente,0,
TL4,TRELIÇA,TL4,Super Luna Belo Vale,1,0,93.8,93.8,montagem,pendente,0,
TR70,TIRANTE,TR70,Super Luna Belo Vale,2,0,3.05,3.05,montagem,pendente,0,
TR80,TIRANTE,TR80,Super Luna Belo Vale,6,0,5.37,5.37,montagem,pendente,0,
TP71,TERÇA-TAP,TP71,Super Luna Belo Vale,1,0,54.8,54.8,montagem,pendente,0,
TR47,TIRANTE,TR47,Super Luna Belo Vale,4,0,3.05,3.05,montagem,pendente,0,
TR66,TIRANTE,TR66,Super Luna Belo Vale,1,0,3.1,3.1,montagem,pendente,0,
TR68,TIRANTE,TR68,Super Luna Belo Vale,16,0,6.57,6.57,montagem,pendente,0,
TR72,TIRANTE,TR72,Super Luna Belo Vale,3,0,6.43,6.43,montagem,pendente,0,
TR78,TIRANTE,TR78,Super Luna Belo Vale,1,0,2.7,2.7,montagem,pendente,0,
TP30,TERÇA-TAP,TP30,Super Luna Belo Vale,6,0,26.03,26.03,montagem,pendente,0,
TP48,TERÇA-TAP,TP48,Super Luna Belo Vale,4,0,39.38,39.38,montagem,pendente,0,
TR59,TIRANTE,TR59,Super Luna Belo Vale,4,0,3.15,3.15,montagem,pendente,0,
TR65,TIRANTE,TR65,Super Luna Belo Vale,1,0,3.1,3.1,montagem,pendente,0,
TR77,TIRANTE,TR77,Super Luna Belo Vale,1,0,2.4,2.4,montagem,pendente,0,
TP37,TERÇA-TAP,TP37,Super Luna Belo Vale,1,0,50.3,50.3,montagem,pendente,0,
TP56,TERÇA-TAP,TP56,Super Luna Belo Vale,1,0,56.6,56.6,montagem,pendente,0,
TP66,TERÇA-TAP,TP66,Super Luna Belo Vale,1,0,59.9,59.9,montagem,pendente,0,
TR48,TIRANTE,TR48,Super Luna Belo Vale,30,0,6.54,6.54,montagem,pendente,0,
TR50,TIRANTE,TR50,Super Luna Belo Vale,4,0,3.45,3.45,montagem,pendente,0,
TR75,TIRANTE,TR75,Super Luna Belo Vale,4,0,2.88,2.88,montagem,pendente,0,
TR84,TIRANTE,TR84,Super Luna Belo Vale,2,0,2.7,2.7,montagem,pendente,0,
TP31,TERÇA-TAP,TP31,Super Luna Belo Vale,3,0,26.03,26.03,montagem,pendente,0,
TP67,TERÇA-TAP,TP67,Super Luna Belo Vale,1,0,34.2,34.2,montagem,pendente,0,
TP82,TERÇA-TAP,TP82,Super Luna Belo Vale,1,0,25.6,25.6,montagem,pendente,0,
TR56,TIRANTE,TR56,Super Luna Belo Vale,4,0,3.43,3.43,montagem,pendente,0,
TP60,TERÇA-TAP,TP60,Super Luna Belo Vale,2,0,81.75,81.75,montagem,pendente,0,
TP64,TERÇA-TAP,TP64,Super Luna Belo Vale,1,0,13.8,13.8,montagem,pendente,0,
TP69,TERÇA-TAP,TP69,Super Luna Belo Vale,1,0,55.6,55.6,montagem,pendente,0,
TP75,TERÇA-TAP,TP75,Super Luna Belo Vale,4,0,25.33,25.33,montagem,pendente,0,
TR71,TIRANTE,TR71,Super Luna Belo Vale,6,0,6.5,6.5,montagem,pendente,0,
TP36,TERÇA-TAP,TP36,Super Luna Belo Vale,2,0,50.25,50.25,montagem,pendente,0,
TP42,TERÇA-TAP,TP42,Super Luna Belo Vale,2,0,45,45,montagem,pendente,0,
TP54,TERÇA-TAP,TP54,Super Luna Belo Vale,1,0,39,39,montagem,pendente,0,
TP78,TERÇA-TAP,TP78,Super Luna Belo Vale,2,0,57,57,montagem,pendente,0,
TR62,TIRANTE,TR62,Super Luna Belo Vale,1,0,3.1,3.1,montagem,pendente,0,
TR69,TIRANTE,TR69,Super Luna Belo Vale,2,0,2.9,2.9,montagem,pendente,0,
TR76,TIRANTE,TR76,Super Luna Belo Vale,4,0,2.68,2.68,montagem,pendente,0,
TP32,TERÇA-TAP,TP32,Super Luna Belo Vale,3,0,32.93,32.93,montagem,pendente,0,
TP47,TERÇA-TAP,TP47,Super Luna Belo Vale,1,0,29.3,29.3,montagem,pendente,0,
TP52,TERÇA-TAP,TP52,Super Luna Belo Vale,1,0,55.3,55.3,montagem,pendente,0,
TP59,TERÇA-TAP,TP59,Super Luna Belo Vale,1,0,26.9,26.9,montagem,pendente,0,
TP70,TERÇA-TAP,TP70,Super Luna Belo Vale,1,0,55.8,55.8,montagem,pendente,0,
TR51,TIRANTE,TR51,Super Luna Belo Vale,4,0,3.2,3.2,montagem,pendente,0,
TP45,TERÇA-TAP,TP45,Super Luna Belo Vale,2,0,23.15,23.15,montagem,pendente,0,
TP50,TERÇA-TAP,TP50,Super Luna Belo Vale,2,0,39.35,39.35,montagem,pendente,0,
TR55,TIRANTE,TR55,Super Luna Belo Vale,2,0,2.55,2.55,montagem,pendente,0,
TR81,TIRANTE,TR81,Super Luna Belo Vale,4,0,5.43,5.43,montagem,pendente,0,
TP73,TERÇA-TAP,TP73,Super Luna Belo Vale,2,0,28.2,28.2,montagem,pendente,0,
TR46,TIRANTE,TR46,Super Luna Belo Vale,4,0,3.03,3.03,montagem,pendente,0,
TR49,TIRANTE,TR49,Super Luna Belo Vale,4,0,3.28,3.28,montagem,pendente,0,
TR73,TIRANTE,TR73,Super Luna Belo Vale,2,0,2.55,2.55,montagem,pendente,0,
TP33,TERÇA-TAP,TP33,Super Luna Belo Vale,2,0,28.3,28.3,montagem,pendente,0,
TP38,TERÇA-TAP,TP38,Super Luna Belo Vale,1,0,50.3,50.3,montagem,pendente,0,
TP39,TERÇA-TAP,TP39,Super Luna Belo Vale,2,0,51.9,51.9,montagem,pendente,0,
TP55,TERÇA-TAP,TP55,Super Luna Belo Vale,1,0,32.3,32.3,montagem,pendente,0,
TP77,TERÇA-TAP,TP77,Super Luna Belo Vale,2,0,32.05,32.05,montagem,pendente,0,
TP81,TERÇA-TAP,TP81,Super Luna Belo Vale,2,0,25.55,25.55,montagem,pendente,0,
TR54,TIRANTE,TR54,Super Luna Belo Vale,2,0,2.85,2.85,montagem,pendente,0,
TR67,TIRANTE,TR67,Super Luna Belo Vale,2,0,4.05,4.05,montagem,pendente,0,
TR74,TIRANTE,TR74,Super Luna Belo Vale,1,0,2.3,2.3,montagem,pendente,0,
TP35,TERÇA-TAP,TP35,Super Luna Belo Vale,1,0,28.3,28.3,montagem,pendente,0,
TP53,TERÇA-TAP,TP53,Super Luna Belo Vale,1,0,55.3,55.3,montagem,pendente,0,
TP57,TERÇA-TAP,TP57,Super Luna Belo Vale,1,0,58,58,montagem,pendente,0,
TR52,TIRANTE,TR52,Super Luna Belo Vale,60,0,6.61,6.61,montagem,pendente,0,
TR64,TIRANTE,TR64,Super Luna Belo Vale,2,0,3.3,3.3,montagem,pendente,0,
TR83,TIRANTE,TR83,Super Luna Belo Vale,2,0,2.9,2.9,montagem,pendente,0,
TP43,TERÇA-TAP,TP43,Super Luna Belo Vale,1,0,45,45,montagem,pendente,0,
TP44,TERÇA-TAP,TP44,Super Luna Belo Vale,1,0,45,45,montagem,pendente,0,
TP58,TERÇA-TAP,TP58,Super Luna Belo Vale,1,0,57.5,57.5,montagem,pendente,0,
TP76,TERÇA-TAP,TP76,Super Luna Belo Vale,1,0,25.3,25.3,montagem,pendente,0,
TP79,TERÇA-TAP,TP79,Super Luna Belo Vale,1,0,57,57,montagem,pendente,0,
TP80,TERÇA-TAP,TP80,Super Luna Belo Vale,1,0,60.5,60.5,montagem,pendente,0,
TR57,TIRANTE,TR57,Super Luna Belo Vale,2,0,2.7,2.7,montagem,pendente,0,
TR58,TIRANTE,TR58,Super Luna Belo Vale,2,0,2.5,2.5,montagem,pendente,0,
TP46,TERÇA-TAP,TP46,Super Luna Belo Vale,1,0,23.1,23.1,montagem,pendente,0,
TP68,TERÇA-TAP,TP68,Super Luna Belo Vale,1,0,55.8,55.8,montagem,pendente,0,
TP72,TERÇA-TAP,TP72,Super Luna Belo Vale,1,0,27.7,27.7,montagem,pendente,0,
TR61,TIRANTE,TR61,Super Luna Belo Vale,2,0,3,3,montagem,pendente,0,
TR63,TIRANTE,TR63,Super Luna Belo Vale,1,0,3.2,3.2,montagem,pendente,0,
TP41,TERÇA-TAP,TP41,Super Luna Belo Vale,1,0,51.9,51.9,montagem,pendente,0,
TP63,TERÇA-TAP,TP63,Super Luna Belo Vale,1,0,16.8,16.8,montagem,pendente,0,
TP65,TERÇA-TAP,TP65,Super Luna Belo Vale,1,0,61.8,61.8,montagem,pendente,0,
TR60,TIRANTE,TR60,Super Luna Belo Vale,2,0,3.15,3.15,montagem,pendente,0,
TR82,TIRANTE,TR82,Super Luna Belo Vale,1,0,2.9,2.9,montagem,pendente,0,
TP40,TERÇA-TAP,TP40,Super Luna Belo Vale,1,0,51.9,51.9,montagem,pendente,0,
TP49,TERÇA-TAP,TP49,Super Luna Belo Vale,1,0,39.4,39.4,montagem,pendente,0,
TR53,TIRANTE,TR53,Super Luna Belo Vale,2,0,3,3,montagem,pendente,0,
TR79,TIRANTE,TR79,Super Luna Belo Vale,1,0,3,3,montagem,pendente,0,
TP34,TERÇA-TAP,TP34,Super Luna Belo Vale,1,0,28.3,28.3,montagem,pendente,0,
TP51,TERÇA-TAP,TP51,Super Luna Belo Vale,2,0,55.25,55.25,montagem,pendente,0,
TP61,TERÇA-TAP,TP61,Super Luna Belo Vale,1,0,81.8,81.8,montagem,pendente,0,
TP62,TERÇA-TAP,TP62,Super Luna Belo Vale,1,0,80.3,80.3,montagem,pendente,0,
TP74,TERÇA-TAP,TP74,Super Luna Belo Vale,1,0,27.9,27.9,montagem,pendente,0,
TS50,TESOURA,TS50,Super Luna Belo Vale,1,0,317.2,317.2,montagem,pendente,0,
TS62,TESOURA,TS62,Super Luna Belo Vale,1,0,264.6,264.6,montagem,pendente,0,
V18,VIGA,V18,Super Luna Belo Vale,2,0,189.35,189.35,montagem,pendente,0,
TR18,TIRANTE,TR18,Super Luna Belo Vale,17,0,6.34,6.34,montagem,pendente,0,
TS45,TESOURA,TS45,Super Luna Belo Vale,1,0,289.2,289.2,montagem,pendente,0,
TS47,TESOURA,TS47,Super Luna Belo Vale,1,0,226.9,226.9,montagem,pendente,0,
TS56,TESOURA,TS56,Super Luna Belo Vale,1,0,229,229,montagem,pendente,0,
TS63,TESOURA,TS63,Super Luna Belo Vale,2,0,173.3,173.3,montagem,pendente,0,
V6,VIGA,V6,Super Luna Belo Vale,2,0,281.05,281.05,montagem,pendente,0,
V20,VIGA,V20,Super Luna Belo Vale,1,0,176.2,176.2,montagem,pendente,0,
TR8,TIRANTE,TR8,Super Luna Belo Vale,2,0,1.75,1.75,montagem,pendente,0,
TR24,TIRANTE,TR24,Super Luna Belo Vale,78,0,6.42,6.42,montagem,pendente,0,
TS44,TESOURA,TS44,Super Luna Belo Vale,1,0,318.9,318.9,montagem,pendente,0,
V7,VIGA,V7,Super Luna Belo Vale,1,0,256.5,256.5,montagem,pendente,0,
TR20,TIRANTE,TR20,Super Luna Belo Vale,2,0,2.9,2.9,montagem,pendente,0,
TR22,TIRANTE,TR22,Super Luna Belo Vale,4,0,2.93,2.93,montagem,pendente,0,
TR30,TIRANTE,TR30,Super Luna Belo Vale,2,0,2.95,2.95,montagem,pendente,0,
TR31,TIRANTE,TR31,Super Luna Belo Vale,2,0,2.8,2.8,montagem,pendente,0,
TS49,TESOURA,TS49,Super Luna Belo Vale,1,0,328.9,328.9,montagem,pendente,0,
TR26,TIRANTE,TR26,Super Luna Belo Vale,46,0,5.71,5.71,montagem,pendente,0,
TR42,TIRANTE,TR42,Super Luna Belo Vale,2,0,2.45,2.45,montagem,pendente,0,
TR29,TIRANTE,TR29,Super Luna Belo Vale,2,0,2.75,2.75,montagem,pendente,0,
TR11,TIRANTE,TR11,Super Luna Belo Vale,4,0,3.25,3.25,montagem,pendente,0,
TR15,TIRANTE,TR15,Super Luna Belo Vale,48,0,6.47,6.47,montagem,pendente,0,
V5,VIGA,V5,Super Luna Belo Vale,1,0,309.8,309.8,montagem,pendente,0,
V14,VIGA,V14,Super Luna Belo Vale,1,0,251.8,251.8,montagem,pendente,0,
TR23,TIRANTE,TR23,Super Luna Belo Vale,132,0,6.49,6.49,montagem,pendente,0,
TR38,TIRANTE,TR38,Super Luna Belo Vale,6,0,3.18,3.18,montagem,pendente,0,
TS52,TESOURA,TS52,Super Luna Belo Vale,1,0,229.3,229.3,montagem,pendente,0,
TS59,TESOURA,TS59,Super Luna Belo Vale,1,0,753.1,753.1,montagem,pendente,0,
V8,VIGA,V8,Super Luna Belo Vale,1,0,153.7,153.7,montagem,pendente,0,
V21,VIGA,V21,Super Luna Belo Vale,1,0,85.1,85.1,montagem,pendente,0,
TR33,TIRANTE,TR33,Super Luna Belo Vale,2,0,2.75,2.75,montagem,pendente,0,
TS54,TESOURA,TS54,Super Luna Belo Vale,1,0,614.6,614.6,montagem,pendente,0,
TS64,TESOURA,TS64,Super Luna Belo Vale,1,0,300,300,montagem,pendente,0,
V12,VIGA,V12,Super Luna Belo Vale,1,0,236.7,236.7,montagem,pendente,0,
V16,VIGA,V16,Super Luna Belo Vale,1,0,149.4,149.4,montagem,pendente,0,
TR9,TIRANTE,TR9,Super Luna Belo Vale,2,0,1.75,1.75,montagem,pendente,0,
TS48,TESOURA,TS48,Super Luna Belo Vale,1,0,328.9,328.9,montagem,pendente,0,
TS55,TESOURA,TS55,Super Luna Belo Vale,1,0,614.6,614.6,montagem,pendente,0,
TR43,TIRANTE,TR43,Super Luna Belo Vale,2,0,2.8,2.8,montagem,pendente,0,
V15,VIGA,V15,Super Luna Belo Vale,2,0,148.05,148.05,montagem,pendente,0,
V17,VIGA,V17,Super Luna Belo Vale,1,0,436.4,436.4,montagem,pendente,0,
V19,VIGA,V19,Super Luna Belo Vale,2,0,194.9,194.9,montagem,pendente,0,
TR16,TIRANTE,TR16,Super Luna Belo Vale,2,0,3,3,montagem,pendente,0,
TR25,TIRANTE,TR25,Super Luna Belo Vale,32,0,6.54,6.54,montagem,pendente,0,
TR27,TIRANTE,TR27,Super Luna Belo Vale,29,0,5.57,5.57,montagem,pendente,0,
TR28,TIRANTE,TR28,Super Luna Belo Vale,12,0,4.88,4.88,montagem,pendente,0,
TR32,TIRANTE,TR32,Super Luna Belo Vale,2,0,2.9,2.9,montagem,pendente,0,
TS46,TESOURA,TS46,Super Luna Belo Vale,1,0,191.9,191.9,montagem,pendente,0,
V13,VIGA,V13,Super Luna Belo Vale,1,0,135.7,135.7,montagem,pendente,0,
TR17,TIRANTE,TR17,Super Luna Belo Vale,4,0,3.03,3.03,montagem,pendente,0,
TR21,TIRANTE,TR21,Super Luna Belo Vale,2,0,2.95,2.95,montagem,pendente,0,
TR34,TIRANTE,TR34,Super Luna Belo Vale,6,0,2.92,2.92,montagem,pendente,0,
TR37,TIRANTE,TR37,Super Luna Belo Vale,8,0,3.43,3.43,montagem,pendente,0,
TS58,TESOURA,TS58,Super Luna Belo Vale,1,0,266.8,266.8,montagem,pendente,0,
TR35,TIRANTE,TR35,Super Luna Belo Vale,6,0,2.73,2.73,montagem,pendente,0,
TR36,TIRANTE,TR36,Super Luna Belo Vale,8,0,3.26,3.26,montagem,pendente,0,
TR39,TIRANTE,TR39,Super Luna Belo Vale,8,0,3.01,3.01,montagem,pendente,0,
TR44,TIRANTE,TR44,Super Luna Belo Vale,10,0,2.58,2.58,montagem,pendente,0,
TS61,TESOURA,TS61,Super Luna Belo Vale,1,0,273.9,273.9,montagem,pendente,0,
V4,VIGA,V4,Super Luna Belo Vale,1,0,381.4,381.4,montagem,pendente,0,
TR7,TIRANTE,TR7,Super Luna Belo Vale,2,0,1.9,1.9,montagem,pendente,0,
TR14,TIRANTE,TR14,Super Luna Belo Vale,22,0,6.4,6.4,montagem,pendente,0,
TR40,TIRANTE,TR40,Super Luna Belo Vale,8,0,3.04,3.04,montagem,pendente,0,
V9,VIGA,V9,Super Luna Belo Vale,1,0,155.1,155.1,montagem,pendente,0,
V10,VIGA,V10,Super Luna Belo Vale,3,0,152.03,152.03,montagem,pendente,0,
V11,VIGA,V11,Super Luna Belo Vale,1,0,549.8,549.8,montagem,pendente,0,
TR13,TIRANTE,TR13,Super Luna Belo Vale,2,0,3.2,3.2,montagem,pendente,0,
TR19,TIRANTE,TR19,Super Luna Belo Vale,9,0,6.41,6.41,montagem,pendente,0,
TR41,TIRANTE,TR41,Super Luna Belo Vale,2,0,2.65,2.65,montagem,pendente,0,
TR45,TIRANTE,TR45,Super Luna Belo Vale,6,0,2.5,2.5,montagem,pendente,0,
TS51,TESOURA,TS51,Super Luna Belo Vale,2,0,155.6,155.6,montagem,pendente,0,
TS53,TESOURA,TS53,Super Luna Belo Vale,1,0,663,663,montagem,pendente,0,
TS57,TESOURA,TS57,Super Luna Belo Vale,1,0,276,276,montagem,pendente,0,
TS60,TESOURA,TS60,Super Luna Belo Vale,1,0,753.1,753.1,montagem,pendente,0,
TR10,TIRANTE,TR10,Super Luna Belo Vale,1,0,1.4,1.4,montagem,pendente,0,
TR12,TIRANTE,TR12,Super Luna Belo Vale,4,0,3.43,3.43,montagem,pendente,0,
TS37,TESOURA,TS37,Super Luna Belo Vale,1,0,279.4,279.4,montagem,pendente,0,
TR89,TIRANTE,TR89,Super Luna Belo Vale,3,0,3.5,3.5,montagem,pendente,0,
TR92,TIRANTE,TR92,Super Luna Belo Vale,2,0,3.75,3.75,montagem,pendente,0,
TS5,TESOURA,TS5,Super Luna Belo Vale,1,0,232.3,232.3,montagem,pendente,0,
TS18,TESOURA,TS18,Super Luna Belo Vale,1,0,314.8,314.8,montagem,pendente,0,
TS24,TESOURA,TS24,Super Luna Belo Vale,1,0,629.5,629.5,montagem,pendente,0,
TS27,TESOURA,TS27,Super Luna Belo Vale,2,0,307.55,307.55,montagem,pendente,0,
TS42,TESOURA,TS42,Super Luna Belo Vale,1,0,332.6,332.6,montagem,pendente,0,
VM1,VIGA-MESTRA,VM1,Super Luna Belo Vale,1,0,983.1,983.1,montagem,pendente,0,
TS25,TESOURA,TS25,Super Luna Belo Vale,1,0,242,242,montagem,pendente,0,
TS38,TESOURA,TS38,Super Luna Belo Vale,1,0,254.8,254.8,montagem,pendente,0,
VM4,VIGA-MESTRA,VM4,Super Luna Belo Vale,1,0,983.1,983.1,montagem,pendente,0,
TR94,TIRANTE,TR94,Super Luna Belo Vale,2,0,3.15,3.15,montagem,pendente,0,
TS23,TESOURA,TS23,Super Luna Belo Vale,1,0,629.5,629.5,montagem,pendente,0,
TS31,TESOURA,TS31,Super Luna Belo Vale,1,0,283.4,283.4,montagem,pendente,0,
V23,VIGA,V23,Super Luna Belo Vale,1,0,256.3,256.3,montagem,pendente,0,
VM5,VIGA-MESTRA,VM5,Super Luna Belo Vale,1,0,1001.5,1001.5,montagem,pendente,0,
TS14,TESOURA,TS14,Super Luna Belo Vale,1,0,232.9,232.9,montagem,pendente,0,
TS19,TESOURA,TS19,Super Luna Belo Vale,1,0,197.6,197.6,montagem,pendente,0,
TS20,TESOURA,TS20,Super Luna Belo Vale,1,0,232.9,232.9,montagem,pendente,0,
V26,VIGA,V26,Super Luna Belo Vale,1,0,190.1,190.1,montagem,pendente,0,
VM7,VIGA-MESTRA,VM7,Super Luna Belo Vale,1,0,1037.9,1037.9,montagem,pendente,0,
TR96,TIRANTE,TR96,Super Luna Belo Vale,2,0,5.5,5.5,montagem,pendente,0,
TS11,TESOURA,TS11,Super Luna Belo Vale,1,0,318.9,318.9,montagem,pendente,0,
TS33,TESOURA,TS33,Super Luna Belo Vale,1,0,701.7,701.7,montagem,pendente,0,
TS40,TESOURA,TS40,Super Luna Belo Vale,1,0,576.8,576.8,montagem,pendente,0,
TR91,TIRANTE,TR91,Super Luna Belo Vale,2,0,3,3,montagem,pendente,0,
TR86,TIRANTE,TR86,Super Luna Belo Vale,1,0,3.1,3.1,montagem,pendente,0,
TS2,TESOURA,TS2,Super Luna Belo Vale,1,0,47.1,47.1,montagem,pendente,0,
TS12,TESOURA,TS12,Super Luna Belo Vale,1,0,234.6,234.6,montagem,pendente,0,
TS29,TESOURA,TS29,Super Luna Belo Vale,1,0,313.9,313.9,montagem,pendente,0,
TS34,TESOURA,TS34,Super Luna Belo Vale,1,0,701.7,701.7,montagem,pendente,0,
TS4,TESOURA,TS4,Super Luna Belo Vale,1,0,318.9,318.9,montagem,pendente,0,
TS8,TESOURA,TS8,Super Luna Belo Vale,1,0,799.7,799.7,montagem,pendente,0,
TS10,TESOURA,TS10,Super Luna Belo Vale,1,0,799.7,799.7,montagem,pendente,0,
TS17,TESOURA,TS17,Super Luna Belo Vale,1,0,369.1,369.1,montagem,pendente,0,
TS21,TESOURA,TS21,Super Luna Belo Vale,1,0,318.9,318.9,montagem,pendente,0,
TS36,TESOURA,TS36,Super Luna Belo Vale,1,0,213,213,montagem,pendente,0,
TS39,TESOURA,TS39,Super Luna Belo Vale,1,0,576.8,576.8,montagem,pendente,0,
TS3,TESOURA,TS3,Super Luna Belo Vale,1,0,300,300,montagem,pendente,0,
TS32,TESOURA,TS32,Super Luna Belo Vale,1,0,699.6,699.6,montagem,pendente,0,
V25,VIGA,V25,Super Luna Belo Vale,1,0,259.4,259.4,montagem,pendente,0,
TS9,TESOURA,TS9,Super Luna Belo Vale,1,0,799.7,799.7,montagem,pendente,0,
TS13,TESOURA,TS13,Super Luna Belo Vale,1,0,294.4,294.4,montagem,pendente,0,
TS35,TESOURA,TS35,Super Luna Belo Vale,2,0,307.55,307.55,montagem,pendente,0,
TS43,TESOURA,TS43,Super Luna Belo Vale,1,0,249.8,249.8,montagem,pendente,0,
V22,VIGA,V22,Super Luna Belo Vale,1,0,53.2,53.2,montagem,pendente,0,
TS16,TESOURA,TS16,Super Luna Belo Vale,1,0,369.1,369.1,montagem,pendente,0,
TS30,TESOURA,TS30,Super Luna Belo Vale,1,0,319.2,319.2,montagem,pendente,0,
VM6,VIGA-MESTRA,VM6,Super Luna Belo Vale,1,0,1059.5,1059.5,montagem,pendente,0,
TR90,TIRANTE,TR90,Super Luna Belo Vale,1,0,3.7,3.7,montagem,pendente,0,
TS6,TESOURA,TS6,Super Luna Belo Vale,1,0,294.6,294.6,montagem,pendente,0,
TS15,TESOURA,TS15,Super Luna Belo Vale,1,0,369.1,369.1,montagem,pendente,0,
TS26,TESOURA,TS26,Super Luna Belo Vale,1,0,232.9,232.9,montagem,pendente,0,
TR88,TIRANTE,TR88,Super Luna Belo Vale,4,0,3.53,3.53,montagem,pendente,0,
TS22,TESOURA,TS22,Super Luna Belo Vale,1,0,629.5,629.5,montagem,pendente,0,
TS28,TESOURA,TS28,Super Luna Belo Vale,1,0,111.2,111.2,montagem,pendente,0,
V24,VIGA,V24,Super Luna Belo Vale,1,0,163.5,163.5,montagem,pendente,0,
TR85,TIRANTE,TR85,Super Luna Belo Vale,2,0,3.1,3.1,montagem,pendente,0,
TS1,TESOURA,TS1,Super Luna Belo Vale,4,0,42.05,42.05,montagem,pendente,0,
VM2,VIGA-MESTRA,VM2,Super Luna Belo Vale,1,0,1001.5,1001.5,montagem,pendente,0,
VM3,VIGA-MESTRA,VM3,Super Luna Belo Vale,1,0,1024.6,1024.6,montagem,pendente,0,
TR87,TIRANTE,TR87,Super Luna Belo Vale,4,0,2.45,2.45,montagem,pendente,0,
TR93,TIRANTE,TR93,Super Luna Belo Vale,2,0,2.45,2.45,montagem,pendente,0,
TR95,TIRANTE,TR95,Super Luna Belo Vale,2,0,2.55,2.55,montagem,pendente,0,
TS7,TESOURA,TS7,Super Luna Belo Vale,9,0,307.57,307.57,montagem,pendente,0,
TS41,TESOURA,TS41,Super Luna Belo Vale,1,0,576.8,576.8,montagem,pendente,0,
VM5,VIGA-MESTRA,VM5,Super Luna Belo Vale,1,0,1001.5,1001.5,fabricacao,pendente,0,
V26,VIGA,V26,Super Luna Belo Vale,1,0,190.1,190.1,fabricacao,pendente,0,
VM3,VIGA-MESTRA,VM3,Super Luna Belo Vale,1,0,1024.6,1024.6,fabricacao,pendente,0,
V22,VIGA,V22,Super Luna Belo Vale,1,0,53.2,53.2,fabricacao,pendente,0,
V25,VIGA,V25,Super Luna Belo Vale,1,0,259.4,259.4,fabricacao,pendente,0,
VM1,VIGA-MESTRA,VM1,Super Luna Belo Vale,1,0,983.1,983.1,fabricacao,pendente,0,
VM4,VIGA-MESTRA,VM4,Super Luna Belo Vale,1,0,983.1,983.1,fabricacao,pendente,0,
VM2,VIGA-MESTRA,VM2,Super Luna Belo Vale,1,0,1001.5,1001.5,fabricacao,pendente,0,
VM6,VIGA-MESTRA,VM6,Super Luna Belo Vale,1,0,1059.5,1059.5,fabricacao,pendente,0,
VM7,VIGA-MESTRA,VM7,Super Luna Belo Vale,1,0,1037.9,1037.9,fabricacao,pendente,0,
V23,VIGA,V23,Super Luna Belo Vale,1,0,256.3,256.3,fabricacao,pendente,0,
V24,VIGA,V24,Super Luna Belo Vale,1,0,163.5,163.5,fabricacao,pendente,0,
TS15,TESOURA,TS15,Super Luna Belo Vale,1,0,369.1,369.1,fabricacao,pendente,0,
TS22,TESOURA,TS22,Super Luna Belo Vale,1,0,629.5,629.5,fabricacao,pendente,0,
TS29,TESOURA,TS29,Super Luna Belo Vale,1,0,313.9,313.9,fabricacao,pendente,0,
TS34,TESOURA,TS34,Super Luna Belo Vale,1,0,701.7,701.7,fabricacao,pendente,0,
V18,VIGA,V18,Super Luna Belo Vale,2,0,189.35,189.35,fabricacao,pendente,0,
TS5,TESOURA,TS5,Super Luna Belo Vale,1,0,232.3,232.3,fabricacao,pendente,0,
TS12,TESOURA,TS12,Super Luna Belo Vale,1,0,234.6,234.6,fabricacao,pendente,0,
TR94,TIRANTE,TR94,Super Luna Belo Vale,2,0,3.15,3.15,fabricacao,pendente,0,
TS18,TESOURA,TS18,Super Luna Belo Vale,1,0,314.8,314.8,fabricacao,pendente,0,
TS37,TESOURA,TS37,Super Luna Belo Vale,1,0,279.4,279.4,fabricacao,pendente,0,
TS63,TESOURA,TS63,Super Luna Belo Vale,2,0,173.3,173.3,fabricacao,pendente,0,
V17,VIGA,V17,Super Luna Belo Vale,1,0,436.4,436.4,fabricacao,pendente,0,
TR87,TIRANTE,TR87,Super Luna Belo Vale,4,0,2.45,2.45,fabricacao,pendente,0,
TR95,TIRANTE,TR95,Super Luna Belo Vale,2,0,2.55,2.55,fabricacao,pendente,0,
TS16,TESOURA,TS16,Super Luna Belo Vale,1,0,369.1,369.1,fabricacao,pendente,0,
TS25,TESOURA,TS25,Super Luna Belo Vale,1,0,242,242,fabricacao,pendente,0,
TS41,TESOURA,TS41,Super Luna Belo Vale,1,0,576.8,576.8,fabricacao,pendente,0,
TS43,TESOURA,TS43,Super Luna Belo Vale,1,0,249.8,249.8,fabricacao,pendente,0,
TS44,TESOURA,TS44,Super Luna Belo Vale,1,0,318.9,318.9,fabricacao,pendente,0,
V11,VIGA,V11,Super Luna Belo Vale,1,0,549.8,549.8,fabricacao,pendente,0,
V14,VIGA,V14,Super Luna Belo Vale,1,0,251.8,251.8,fabricacao,pendente,0,
TS27,TESOURA,TS27,Super Luna Belo Vale,2,0,307.55,307.55,fabricacao,pendente,0,
TS40,TESOURA,TS40,Super Luna Belo Vale,1,0,576.8,576.8,fabricacao,pendente,0,
V4,VIGA,V4,Super Luna Belo Vale,1,0,381.4,381.4,fabricacao,pendente,0,
TR88,TIRANTE,TR88,Super Luna Belo Vale,4,0,3.53,3.53,fabricacao,pendente,0,
TR93,TIRANTE,TR93,Super Luna Belo Vale,2,0,2.45,2.45,fabricacao,pendente,0,
TS17,TESOURA,TS17,Super Luna Belo Vale,1,0,369.1,369.1,fabricacao,pendente,0,
TS38,TESOURA,TS38,Super Luna Belo Vale,1,0,254.8,254.8,fabricacao,pendente,0,
TS48,TESOURA,TS48,Super Luna Belo Vale,1,0,328.9,328.9,fabricacao,pendente,0,
TS50,TESOURA,TS50,Super Luna Belo Vale,1,0,317.2,317.2,fabricacao,pendente,0,
TS53,TESOURA,TS53,Super Luna Belo Vale,1,0,663,663,fabricacao,pendente,0,
V12,VIGA,V12,Super Luna Belo Vale,1,0,236.7,236.7,fabricacao,pendente,0,
V15,VIGA,V15,Super Luna Belo Vale,2,0,148.05,148.05,fabricacao,pendente,0,
TS28,TESOURA,TS28,Super Luna Belo Vale,1,0,111.2,111.2,fabricacao,pendente,0,
V5,VIGA,V5,Super Luna Belo Vale,1,0,309.8,309.8,fabricacao,pendente,0,
TR92,TIRANTE,TR92,Super Luna Belo Vale,2,0,3.75,3.75,fabricacao,pendente,0,
TR96,TIRANTE,TR96,Super Luna Belo Vale,2,0,5.5,5.5,fabricacao,pendente,0,
TS45,TESOURA,TS45,Super Luna Belo Vale,1,0,289.2,289.2,fabricacao,pendente,0,
TS60,TESOURA,TS60,Super Luna Belo Vale,1,0,753.1,753.1,fabricacao,pendente,0,
V8,VIGA,V8,Super Luna Belo Vale,1,0,153.7,153.7,fabricacao,pendente,0,
TR90,TIRANTE,TR90,Super Luna Belo Vale,1,0,3.7,3.7,fabricacao,pendente,0,
TS8,TESOURA,TS8,Super Luna Belo Vale,1,0,799.7,799.7,fabricacao,pendente,0,
TS26,TESOURA,TS26,Super Luna Belo Vale,1,0,232.9,232.9,fabricacao,pendente,0,
TS46,TESOURA,TS46,Super Luna Belo Vale,1,0,191.9,191.9,fabricacao,pendente,0,
TS54,TESOURA,TS54,Super Luna Belo Vale,1,0,614.6,614.6,fabricacao,pendente,0,
V10,VIGA,V10,Super Luna Belo Vale,3,0,152.03,152.03,fabricacao,pendente,0,
V16,VIGA,V16,Super Luna Belo Vale,1,0,149.4,149.4,fabricacao,pendente,0,
TR89,TIRANTE,TR89,Super Luna Belo Vale,3,0,3.5,3.5,fabricacao,pendente,0,
TS9,TESOURA,TS9,Super Luna Belo Vale,1,0,799.7,799.7,fabricacao,pendente,0,
TS24,TESOURA,TS24,Super Luna Belo Vale,1,0,629.5,629.5,fabricacao,pendente,0,
TS31,TESOURA,TS31,Super Luna Belo Vale,1,0,283.4,283.4,fabricacao,pendente,0,
TS39,TESOURA,TS39,Super Luna Belo Vale,1,0,576.8,576.8,fabricacao,pendente,0,
TS55,TESOURA,TS55,Super Luna Belo Vale,1,0,614.6,614.6,fabricacao,pendente,0,
TS57,TESOURA,TS57,Super Luna Belo Vale,1,0,276,276,fabricacao,pendente,0,
TS62,TESOURA,TS62,Super Luna Belo Vale,1,0,264.6,264.6,fabricacao,pendente,0,
TS64,TESOURA,TS64,Super Luna Belo Vale,1,0,300,300,fabricacao,pendente,0,
TR86,TIRANTE,TR86,Super Luna Belo Vale,1,0,3.1,3.1,fabricacao,pendente,0,
TS21,TESOURA,TS21,Super Luna Belo Vale,1,0,318.9,318.9,fabricacao,pendente,0,
V21,VIGA,V21,Super Luna Belo Vale,1,0,85.1,85.1,fabricacao,pendente,0,
TS1,TESOURA,TS1,Super Luna Belo Vale,4,0,42.05,42.05,fabricacao,pendente,0,
TS6,TESOURA,TS6,Super Luna Belo Vale,1,0,294.6,294.6,fabricacao,pendente,0,
TS11,TESOURA,TS11,Super Luna Belo Vale,1,0,318.9,318.9,fabricacao,pendente,0,
TS32,TESOURA,TS32,Super Luna Belo Vale,1,0,699.6,699.6,fabricacao,pendente,0,
TS36,TESOURA,TS36,Super Luna Belo Vale,1,0,213,213,fabricacao,pendente,0,
TS52,TESOURA,TS52,Super Luna Belo Vale,1,0,229.3,229.3,fabricacao,pendente,0,
TS56,TESOURA,TS56,Super Luna Belo Vale,1,0,229,229,fabricacao,pendente,0,
TS4,TESOURA,TS4,Super Luna Belo Vale,1,0,318.9,318.9,fabricacao,pendente,0,
TS7,TESOURA,TS7,Super Luna Belo Vale,9,0,307.57,307.57,fabricacao,pendente,0,
TS10,TESOURA,TS10,Super Luna Belo Vale,1,0,799.7,799.7,fabricacao,pendente,0,
V6,VIGA,V6,Super Luna Belo Vale,2,0,281.05,281.05,fabricacao,pendente,0,
V9,VIGA,V9,Super Luna Belo Vale,1,0,155.1,155.1,fabricacao,pendente,0,
TR85,TIRANTE,TR85,Super Luna Belo Vale,2,0,3.1,3.1,fabricacao,pendente,0,
TR91,TIRANTE,TR91,Super Luna Belo Vale,2,0,3,3,fabricacao,pendente,0,
TS23,TESOURA,TS23,Super Luna Belo Vale,1,0,629.5,629.5,fabricacao,pendente,0,
TS33,TESOURA,TS33,Super Luna Belo Vale,1,0,701.7,701.7,fabricacao,pendente,0,
TS42,TESOURA,TS42,Super Luna Belo Vale,1,0,332.6,332.6,fabricacao,pendente,0,
TS47,TESOURA,TS47,Super Luna Belo Vale,1,0,226.9,226.9,fabricacao,pendente,0,
TS58,TESOURA,TS58,Super Luna Belo Vale,1,0,266.8,266.8,fabricacao,pendente,0,
TS2,TESOURA,TS2,Super Luna Belo Vale,1,0,47.1,47.1,fabricacao,pendente,0,
TS20,TESOURA,TS20,Super Luna Belo Vale,1,0,232.9,232.9,fabricacao,pendente,0,
TS49,TESOURA,TS49,Super Luna Belo Vale,1,0,328.9,328.9,fabricacao,pendente,0,
TS59,TESOURA,TS59,Super Luna Belo Vale,1,0,753.1,753.1,fabricacao,pendente,0,
V20,VIGA,V20,Super Luna Belo Vale,1,0,176.2,176.2,fabricacao,pendente,0,
TS3,TESOURA,TS3,Super Luna Belo Vale,1,0,300,300,fabricacao,pendente,0,
TS13,TESOURA,TS13,Super Luna Belo Vale,1,0,294.4,294.4,fabricacao,pendente,0,
TS14,TESOURA,TS14,Super Luna Belo Vale,1,0,232.9,232.9,fabricacao,pendente,0,
TS19,TESOURA,TS19,Super Luna Belo Vale,1,0,197.6,197.6,fabricacao,pendente,0,
TS30,TESOURA,TS30,Super Luna Belo Vale,1,0,319.2,319.2,fabricacao,pendente,0,
TS35,TESOURA,TS35,Super Luna Belo Vale,2,0,307.55,307.55,fabricacao,pendente,0,
TS51,TESOURA,TS51,Super Luna Belo Vale,2,0,155.6,155.6,fabricacao,pendente,0,
TS61,TESOURA,TS61,Super Luna Belo Vale,1,0,273.9,273.9,fabricacao,pendente,0,
V7,VIGA,V7,Super Luna Belo Vale,1,0,256.5,256.5,fabricacao,pendente,0,
V13,VIGA,V13,Super Luna Belo Vale,1,0,135.7,135.7,fabricacao,pendente,0,
V19,VIGA,V19,Super Luna Belo Vale,2,0,194.9,194.9,fabricacao,pendente,0,
TR8,TIRANTE,TR8,Super Luna Belo Vale,2,0,1.75,1.75,fabricacao,pendente,0,
TR31,TIRANTE,TR31,Super Luna Belo Vale,2,0,2.8,2.8,fabricacao,pendente,0,
TR33,TIRANTE,TR33,Super Luna Belo Vale,2,0,2.75,2.75,fabricacao,pendente,0,
TR44,TIRANTE,TR44,Super Luna Belo Vale,10,0,2.58,2.58,fabricacao,pendente,0,
TR45,TIRANTE,TR45,Super Luna Belo Vale,6,0,2.5,2.5,fabricacao,pendente,0,
TR9,TIRANTE,TR9,Super Luna Belo Vale,2,0,1.75,1.75,fabricacao,pendente,0,
TR22,TIRANTE,TR22,Super Luna Belo Vale,4,0,2.93,2.93,fabricacao,pendente,0,
TR24,TIRANTE,TR24,Super Luna Belo Vale,78,0,6.42,6.42,fabricacao,pendente,0,
TR36,TIRANTE,TR36,Super Luna Belo Vale,8,0,3.26,3.26,fabricacao,pendente,0,
TR41,TIRANTE,TR41,Super Luna Belo Vale,2,0,2.65,2.65,fabricacao,pendente,0,
TR42,TIRANTE,TR42,Super Luna Belo Vale,2,0,2.45,2.45,fabricacao,pendente,0,
TR12,TIRANTE,TR12,Super Luna Belo Vale,4,0,3.43,3.43,fabricacao,pendente,0,
TR19,TIRANTE,TR19,Super Luna Belo Vale,9,0,6.41,6.41,fabricacao,pendente,0,
TR20,TIRANTE,TR20,Super Luna Belo Vale,2,0,2.9,2.9,fabricacao,pendente,0,
TR15,TIRANTE,TR15,Super Luna Belo Vale,48,0,6.47,6.47,fabricacao,pendente,0,
TR18,TIRANTE,TR18,Super Luna Belo Vale,17,0,6.34,6.34,fabricacao,pendente,0,
TR28,TIRANTE,TR28,Super Luna Belo Vale,12,0,4.88,4.88,fabricacao,pendente,0,
TR30,TIRANTE,TR30,Super Luna Belo Vale,2,0,2.95,2.95,fabricacao,pendente,0,
TR32,TIRANTE,TR32,Super Luna Belo Vale,2,0,2.9,2.9,fabricacao,pendente,0,
TR52,TIRANTE,TR52,Super Luna Belo Vale,60,0,6.61,6.61,fabricacao,pendente,0,
TR26,TIRANTE,TR26,Super Luna Belo Vale,46,0,5.71,5.71,fabricacao,pendente,0,
TR50,TIRANTE,TR50,Super Luna Belo Vale,4,0,3.45,3.45,fabricacao,pendente,0,
TR14,TIRANTE,TR14,Super Luna Belo Vale,22,0,6.4,6.4,fabricacao,pendente,0,
TR27,TIRANTE,TR27,Super Luna Belo Vale,29,0,5.57,5.57,fabricacao,pendente,0,
TR29,TIRANTE,TR29,Super Luna Belo Vale,2,0,2.75,2.75,fabricacao,pendente,0,
TR38,TIRANTE,TR38,Super Luna Belo Vale,6,0,3.18,3.18,fabricacao,pendente,0,
TR53,TIRANTE,TR53,Super Luna Belo Vale,2,0,3,3,fabricacao,pendente,0,
TR10,TIRANTE,TR10,Super Luna Belo Vale,1,0,1.4,1.4,fabricacao,pendente,0,
TR23,TIRANTE,TR23,Super Luna Belo Vale,132,0,6.49,6.49,fabricacao,pendente,0,
TR49,TIRANTE,TR49,Super Luna Belo Vale,4,0,3.28,3.28,fabricacao,pendente,0,
TR17,TIRANTE,TR17,Super Luna Belo Vale,4,0,3.03,3.03,fabricacao,pendente,0,
TR7,TIRANTE,TR7,Super Luna Belo Vale,2,0,1.9,1.9,fabricacao,pendente,0,
TR21,TIRANTE,TR21,Super Luna Belo Vale,2,0,2.95,2.95,fabricacao,pendente,0,
TR35,TIRANTE,TR35,Super Luna Belo Vale,6,0,2.73,2.73,fabricacao,pendente,0,
TR37,TIRANTE,TR37,Super Luna Belo Vale,8,0,3.43,3.43,fabricacao,pendente,0,
TR11,TIRANTE,TR11,Super Luna Belo Vale,4,0,3.25,3.25,fabricacao,pendente,0,
TR16,TIRANTE,TR16,Super Luna Belo Vale,2,0,3,3,fabricacao,pendente,0,
TR47,TIRANTE,TR47,Super Luna Belo Vale,4,0,3.05,3.05,fabricacao,pendente,0,
TR51,TIRANTE,TR51,Super Luna Belo Vale,4,0,3.2,3.2,fabricacao,pendente,0,
TR25,TIRANTE,TR25,Super Luna Belo Vale,32,0,6.54,6.54,fabricacao,pendente,0,
TR40,TIRANTE,TR40,Super Luna Belo Vale,8,0,3.04,3.04,fabricacao,pendente,0,
TR13,TIRANTE,TR13,Super Luna Belo Vale,2,0,3.2,3.2,fabricacao,pendente,0,
TR34,TIRANTE,TR34,Super Luna Belo Vale,6,0,2.92,2.92,fabricacao,pendente,0,
TR39,TIRANTE,TR39,Super Luna Belo Vale,8,0,3.01,3.01,fabricacao,pendente,0,
TR43,TIRANTE,TR43,Super Luna Belo Vale,2,0,2.8,2.8,fabricacao,pendente,0,
TR46,TIRANTE,TR46,Super Luna Belo Vale,4,0,3.03,3.03,fabricacao,pendente,0,
TR48,TIRANTE,TR48,Super Luna Belo Vale,30,0,6.54,6.54,fabricacao,pendente,0,
TR64,TIRANTE,TR64,Super Luna Belo Vale,2,0,3.3,3.3,fabricacao,pendente,0,
TR83,TIRANTE,TR83,Super Luna Belo Vale,2,0,2.9,2.9,fabricacao,pendente,0,
TR56,TIRANTE,TR56,Super Luna Belo Vale,4,0,3.43,3.43,fabricacao,pendente,0,
TR66,TIRANTE,TR66,Super Luna Belo Vale,1,0,3.1,3.1,fabricacao,pendente,0,
TR72,TIRANTE,TR72,Super Luna Belo Vale,3,0,6.43,6.43,fabricacao,pendente,0,
TR73,TIRANTE,TR73,Super Luna Belo Vale,2,0,2.55,2.55,fabricacao,pendente,0,
TR54,TIRANTE,TR54,Super Luna Belo Vale,2,0,2.85,2.85,fabricacao,pendente,0,
TR76,TIRANTE,TR76,Super Luna Belo Vale,4,0,2.68,2.68,fabricacao,pendente,0,
TR74,TIRANTE,TR74,Super Luna Belo Vale,1,0,2.3,2.3,fabricacao,pendente,0,
TR79,TIRANTE,TR79,Super Luna Belo Vale,1,0,3,3,fabricacao,pendente,0,
TR67,TIRANTE,TR67,Super Luna Belo Vale,2,0,4.05,4.05,fabricacao,pendente,0,
TR71,TIRANTE,TR71,Super Luna Belo Vale,6,0,6.5,6.5,fabricacao,pendente,0,
TR78,TIRANTE,TR78,Super Luna Belo Vale,1,0,2.7,2.7,fabricacao,pendente,0,
TR59,TIRANTE,TR59,Super Luna Belo Vale,4,0,3.15,3.15,fabricacao,pendente,0,
TR75,TIRANTE,TR75,Super Luna Belo Vale,4,0,2.88,2.88,fabricacao,pendente,0,
TR62,TIRANTE,TR62,Super Luna Belo Vale,1,0,3.1,3.1,fabricacao,pendente,0,
TR77,TIRANTE,TR77,Super Luna Belo Vale,1,0,2.4,2.4,fabricacao,pendente,0,
TR55,TIRANTE,TR55,Super Luna Belo Vale,2,0,2.55,2.55,fabricacao,pendente,0,
TR63,TIRANTE,TR63,Super Luna Belo Vale,1,0,3.2,3.2,fabricacao,pendente,0,
TR65,TIRANTE,TR65,Super Luna Belo Vale,1,0,3.1,3.1,fabricacao,pendente,0,
TR69,TIRANTE,TR69,Super Luna Belo Vale,2,0,2.9,2.9,fabricacao,pendente,0,
TR81,TIRANTE,TR81,Super Luna Belo Vale,4,0,5.43,5.43,fabricacao,pendente,0,
TR61,TIRANTE,TR61,Super Luna Belo Vale,2,0,3,3,fabricacao,pendente,0,
TR80,TIRANTE,TR80,Super Luna Belo Vale,6,0,5.37,5.37,fabricacao,pendente,0,
TR60,TIRANTE,TR60,Super Luna Belo Vale,2,0,3.15,3.15,fabricacao,pendente,0,
TR58,TIRANTE,TR58,Super Luna Belo Vale,2,0,2.5,2.5,fabricacao,pendente,0,
TR68,TIRANTE,TR68,Super Luna Belo Vale,16,0,6.57,6.57,fabricacao,pendente,0,
TR84,TIRANTE,TR84,Super Luna Belo Vale,2,0,2.7,2.7,fabricacao,pendente,0,
TR70,TIRANTE,TR70,Super Luna Belo Vale,2,0,3.05,3.05,fabricacao,pendente,0,
TR82,TIRANTE,TR82,Super Luna Belo Vale,1,0,2.9,2.9,fabricacao,pendente,0,
TR57,TIRANTE,TR57,Super Luna Belo Vale,2,0,2.7,2.7,fabricacao,pendente,0,
TP40,TERÇA-TAP,TP40,Super Luna Belo Vale,1,0,51.9,51.9,fabricacao,pendente,0,
TP48,TERÇA-TAP,TP48,Super Luna Belo Vale,4,0,39.38,39.38,fabricacao,pendente,0,
TP65,TERÇA-TAP,TP65,Super Luna Belo Vale,1,0,61.8,61.8,fabricacao,pendente,0,
TP82,TERÇA-TAP,TP82,Super Luna Belo Vale,1,0,25.6,25.6,fabricacao,pendente,0,
TP100,TERÇA-TAP,TP100,Super Luna Belo Vale,1,0,35.8,35.8,fabricacao,pendente,0,
TP103,TERÇA-TAP,TP103,Super Luna Belo Vale,1,0,77.1,77.1,fabricacao,pendente,0,
TP112,TERÇA-TAP,TP112,Super Luna Belo Vale,1,0,81.9,81.9,fabricacao,pendente,0,
TP42,TERÇA-TAP,TP42,Super Luna Belo Vale,2,0,45,45,fabricacao,pendente,0,
TP44,TERÇA-TAP,TP44,Super Luna Belo Vale,1,0,45,45,fabricacao,pendente,0,
TP49,TERÇA-TAP,TP49,Super Luna Belo Vale,1,0,39.4,39.4,fabricacao,pendente,0,
TP53,TERÇA-TAP,TP53,Super Luna Belo Vale,1,0,55.3,55.3,fabricacao,pendente,0,
TP54,TERÇA-TAP,TP54,Super Luna Belo Vale,1,0,39,39,fabricacao,pendente,0,
TP102,TERÇA-TAP,TP102,Super Luna Belo Vale,1,0,60.6,60.6,fabricacao,pendente,0,
TP30,TERÇA-TAP,TP30,Super Luna Belo Vale,6,0,26.03,26.03,fabricacao,pendente,0,
TP57,TERÇA-TAP,TP57,Super Luna Belo Vale,1,0,58,58,fabricacao,pendente,0,
TP61,TERÇA-TAP,TP61,Super Luna Belo Vale,1,0,81.8,81.8,fabricacao,pendente,0,
TP104,TERÇA-TAP,TP104,Super Luna Belo Vale,1,0,11.9,11.9,fabricacao,pendente,0,
TP32,TERÇA-TAP,TP32,Super Luna Belo Vale,3,0,32.93,32.93,fabricacao,pendente,0,
TP56,TERÇA-TAP,TP56,Super Luna Belo Vale,1,0,56.6,56.6,fabricacao,pendente,0,
TP60,TERÇA-TAP,TP60,Super Luna Belo Vale,2,0,81.75,81.75,fabricacao,pendente,0,
TP62,TERÇA-TAP,TP62,Super Luna Belo Vale,1,0,80.3,80.3,fabricacao,pendente,0,
TP79,TERÇA-TAP,TP79,Super Luna Belo Vale,1,0,57,57,fabricacao,pendente,0,
TP50,TERÇA-TAP,TP50,Super Luna Belo Vale,2,0,39.35,39.35,fabricacao,pendente,0,
TP87,TERÇA-TAP,TP87,Super Luna Belo Vale,1,0,54.9,54.9,fabricacao,pendente,0,
TR1,TIRANTE,TR1,Super Luna Belo Vale,2,0,1.8,1.8,fabricacao,pendente,0,
TR3,TIRANTE,TR3,Super Luna Belo Vale,2,0,1.8,1.8,fabricacao,pendente,0,
TP39,TERÇA-TAP,TP39,Super Luna Belo Vale,2,0,51.9,51.9,fabricacao,pendente,0,
TP45,TERÇA-TAP,TP45,Super Luna Belo Vale,2,0,23.15,23.15,fabricacao,pendente,0,
TP51,TERÇA-TAP,TP51,Super Luna Belo Vale,2,0,55.25,55.25,fabricacao,pendente,0,
TP84,TERÇA-TAP,TP84,Super Luna Belo Vale,1,0,85.3,85.3,fabricacao,pendente,0,
TP37,TERÇA-TAP,TP37,Super Luna Belo Vale,1,0,50.3,50.3,fabricacao,pendente,0,
TP55,TERÇA-TAP,TP55,Super Luna Belo Vale,1,0,32.3,32.3,fabricacao,pendente,0,
TP58,TERÇA-TAP,TP58,Super Luna Belo Vale,1,0,57.5,57.5,fabricacao,pendente,0,
TP91,TERÇA-TAP,TP91,Super Luna Belo Vale,1,0,42.5,42.5,fabricacao,pendente,0,
TP97,TERÇA-TAP,TP97,Super Luna Belo Vale,2,0,35.85,35.85,fabricacao,pendente,0,
TP106,TERÇA-TAP,TP106,Super Luna Belo Vale,1,0,83.6,83.6,fabricacao,pendente,0,
TP76,TERÇA-TAP,TP76,Super Luna Belo Vale,1,0,25.3,25.3,fabricacao,pendente,0,
TP80,TERÇA-TAP,TP80,Super Luna Belo Vale,1,0,60.5,60.5,fabricacao,pendente,0,
TP101,TERÇA-TAP,TP101,Super Luna Belo Vale,2,0,60.6,60.6,fabricacao,pendente,0,
TP59,TERÇA-TAP,TP59,Super Luna Belo Vale,1,0,26.9,26.9,fabricacao,pendente,0,
TP66,TERÇA-TAP,TP66,Super Luna Belo Vale,1,0,59.9,59.9,fabricacao,pendente,0,
TP67,TERÇA-TAP,TP67,Super Luna Belo Vale,1,0,34.2,34.2,fabricacao,pendente,0,
TP73,TERÇA-TAP,TP73,Super Luna Belo Vale,2,0,28.2,28.2,fabricacao,pendente,0,
TP74,TERÇA-TAP,TP74,Super Luna Belo Vale,1,0,27.9,27.9,fabricacao,pendente,0,
TP78,TERÇA-TAP,TP78,Super Luna Belo Vale,2,0,57,57,fabricacao,pendente,0,
TP93,TERÇA-TAP,TP93,Super Luna Belo Vale,1,0,33.6,33.6,fabricacao,pendente,0,
TP94,TERÇA-TAP,TP94,Super Luna Belo Vale,1,0,51.4,51.4,fabricacao,pendente,0,
TP95,TERÇA-TAP,TP95,Super Luna Belo Vale,1,0,44.5,44.5,fabricacao,pendente,0,
TP99,TERÇA-TAP,TP99,Super Luna Belo Vale,2,0,35.85,35.85,fabricacao,pendente,0,
TP107,TERÇA-TAP,TP107,Super Luna Belo Vale,1,0,82.5,82.5,fabricacao,pendente,0,
TP110,TERÇA-TAP,TP110,Super Luna Belo Vale,2,0,62.95,62.95,fabricacao,pendente,0,
TR4,TIRANTE,TR4,Super Luna Belo Vale,2,0,2.1,2.1,fabricacao,pendente,0,
TR6,TIRANTE,TR6,Super Luna Belo Vale,2,0,1.9,1.9,fabricacao,pendente,0,
TP71,TERÇA-TAP,TP71,Super Luna Belo Vale,1,0,54.8,54.8,fabricacao,pendente,0,
TP111,TERÇA-TAP,TP111,Super Luna Belo Vale,1,0,63,63,fabricacao,pendente,0,
TP46,TERÇA-TAP,TP46,Super Luna Belo Vale,1,0,23.1,23.1,fabricacao,pendente,0,
TP68,TERÇA-TAP,TP68,Super Luna Belo Vale,1,0,55.8,55.8,fabricacao,pendente,0,
TP86,TERÇA-TAP,TP86,Super Luna Belo Vale,1,0,87.8,87.8,fabricacao,pendente,0,
TP90,TERÇA-TAP,TP90,Super Luna Belo Vale,1,0,33.6,33.6,fabricacao,pendente,0,
TP108,TERÇA-TAP,TP108,Super Luna Belo Vale,1,0,82.5,82.5,fabricacao,pendente,0,
TR2,TIRANTE,TR2,Super Luna Belo Vale,17,0,3.69,3.69,fabricacao,pendente,0,
TR5,TIRANTE,TR5,Super Luna Belo Vale,2,0,2.1,2.1,fabricacao,pendente,0,
TP34,TERÇA-TAP,TP34,Super Luna Belo Vale,1,0,28.3,28.3,fabricacao,pendente,0,
TP35,TERÇA-TAP,TP35,Super Luna Belo Vale,1,0,28.3,28.3,fabricacao,pendente,0,
TP52,TERÇA-TAP,TP52,Super Luna Belo Vale,1,0,55.3,55.3,fabricacao,pendente,0,
TP81,TERÇA-TAP,TP81,Super Luna Belo Vale,2,0,25.55,25.55,fabricacao,pendente,0,
TP85,TERÇA-TAP,TP85,Super Luna Belo Vale,1,0,85.3,85.3,fabricacao,pendente,0,
TP63,TERÇA-TAP,TP63,Super Luna Belo Vale,1,0,16.8,16.8,fabricacao,pendente,0,
TP72,TERÇA-TAP,TP72,Super Luna Belo Vale,1,0,27.7,27.7,fabricacao,pendente,0,
TP83,TERÇA-TAP,TP83,Super Luna Belo Vale,1,0,32.3,32.3,fabricacao,pendente,0,
TP105,TERÇA-TAP,TP105,Super Luna Belo Vale,1,0,16.5,16.5,fabricacao,pendente,0,
TP38,TERÇA-TAP,TP38,Super Luna Belo Vale,1,0,50.3,50.3,fabricacao,pendente,0,
TP41,TERÇA-TAP,TP41,Super Luna Belo Vale,1,0,51.9,51.9,fabricacao,pendente,0,
TP47,TERÇA-TAP,TP47,Super Luna Belo Vale,1,0,29.3,29.3,fabricacao,pendente,0,
TP64,TERÇA-TAP,TP64,Super Luna Belo Vale,1,0,13.8,13.8,fabricacao,pendente,0,
TP70,TERÇA-TAP,TP70,Super Luna Belo Vale,1,0,55.8,55.8,fabricacao,pendente,0,
TP75,TERÇA-TAP,TP75,Super Luna Belo Vale,4,0,25.33,25.33,fabricacao,pendente,0,
TP88,TERÇA-TAP,TP88,Super Luna Belo Vale,1,0,25.3,25.3,fabricacao,pendente,0,
TP89,TERÇA-TAP,TP89,Super Luna Belo Vale,2,0,33.6,33.6,fabricacao,pendente,0,
TP92,TERÇA-TAP,TP92,Super Luna Belo Vale,2,0,33.6,33.6,fabricacao,pendente,0,
TP96,TERÇA-TAP,TP96,Super Luna Belo Vale,1,0,54,54,fabricacao,pendente,0,
TP98,TERÇA-TAP,TP98,Super Luna Belo Vale,1,0,35.8,35.8,fabricacao,pendente,0,
TP109,TERÇA-TAP,TP109,Super Luna Belo Vale,1,0,69.2,69.2,fabricacao,pendente,0,
TP31,TERÇA-TAP,TP31,Super Luna Belo Vale,3,0,26.03,26.03,fabricacao,pendente,0,
TP33,TERÇA-TAP,TP33,Super Luna Belo Vale,2,0,28.3,28.3,fabricacao,pendente,0,
TP36,TERÇA-TAP,TP36,Super Luna Belo Vale,2,0,50.25,50.25,fabricacao,pendente,0,
TP43,TERÇA-TAP,TP43,Super Luna Belo Vale,1,0,45,45,fabricacao,pendente,0,
TP69,TERÇA-TAP,TP69,Super Luna Belo Vale,1,0,55.6,55.6,fabricacao,pendente,0,
TP77,TERÇA-TAP,TP77,Super Luna Belo Vale,2,0,32.05,32.05,fabricacao,pendente,0,
TC40,TERÇA,TC40,Super Luna Belo Vale,1,0,50.3,50.3,fabricacao,pendente,0,
TC43,TERÇA,TC43,Super Luna Belo Vale,1,0,82.5,82.5,fabricacao,pendente,0,
TC53,TERÇA,TC53,Super Luna Belo Vale,1,0,55.3,55.3,fabricacao,pendente,0,
TC54,TERÇA,TC54,Super Luna Belo Vale,1,0,55.3,55.3,fabricacao,pendente,0,
TC55,TERÇA,TC55,Super Luna Belo Vale,1,0,55.3,55.3,fabricacao,pendente,0,
TC67,TERÇA,TC67,Super Luna Belo Vale,1,0,25.6,25.6,fabricacao,pendente,0,
TC73,TERÇA,TC73,Super Luna Belo Vale,2,0,33.6,33.6,fabricacao,pendente,0,
TC79,TERÇA,TC79,Super Luna Belo Vale,1,0,19.8,19.8,fabricacao,pendente,0,
TL5,TRELIÇA,TL5,Super Luna Belo Vale,1,0,108.7,108.7,fabricacao,pendente,0,
TL7,TRELIÇA,TL7,Super Luna Belo Vale,1,0,45.7,45.7,fabricacao,pendente,0,
TP20,TERÇA-TAP,TP20,Super Luna Belo Vale,1,0,52.8,52.8,fabricacao,pendente,0,
TP23,TERÇA-TAP,TP23,Super Luna Belo Vale,1,0,52,52,fabricacao,pendente,0,
TP26,TERÇA-TAP,TP26,Super Luna Belo Vale,1,0,26.3,26.3,fabricacao,pendente,0,
TC56,TERÇA,TC56,Super Luna Belo Vale,1,0,21.3,21.3,fabricacao,pendente,0,
TC74,TERÇA,TC74,Super Luna Belo Vale,2,0,33.6,33.6,fabricacao,pendente,0,
TP17,TERÇA-TAP,TP17,Super Luna Belo Vale,1,0,28.5,28.5,fabricacao,pendente,0,
TC64,TERÇA,TC64,Super Luna Belo Vale,4,0,62.38,62.38,fabricacao,pendente,0,
TC69,TERÇA,TC69,Super Luna Belo Vale,1,0,62.4,62.4,fabricacao,pendente,0,
TL8,TRELIÇA,TL8,Super Luna Belo Vale,1,0,108,108,fabricacao,pendente,0,
TP3,TERÇA-TAP,TP3,Super Luna Belo Vale,1,0,61.3,61.3,fabricacao,pendente,0,
TP21,TERÇA-TAP,TP21,Super Luna Belo Vale,1,0,52.8,52.8,fabricacao,pendente,0,
TC76,TERÇA,TC76,Super Luna Belo Vale,1,0,33,33,fabricacao,pendente,0,
TL11,TRELIÇA,TL11,Super Luna Belo Vale,2,0,101.1,101.1,fabricacao,pendente,0,
TP9,TERÇA-TAP,TP9,Super Luna Belo Vale,2,0,61.8,61.8,fabricacao,pendente,0,
TP15,TERÇA-TAP,TP15,Super Luna Belo Vale,1,0,74.9,74.9,fabricacao,pendente,0,
TC42,TERÇA,TC42,Super Luna Belo Vale,1,0,59.3,59.3,fabricacao,pendente,0,
TC49,TERÇA,TC49,Super Luna Belo Vale,4,0,61.9,61.9,fabricacao,pendente,0,
TC75,TERÇA,TC75,Super Luna Belo Vale,5,0,62.38,62.38,fabricacao,pendente,0,
TC78,TERÇA,TC78,Super Luna Belo Vale,1,0,19.8,19.8,fabricacao,pendente,0,
TL16,TRELIÇA,TL16,Super Luna Belo Vale,1,0,87.8,87.8,fabricacao,pendente,0,
TP1,TERÇA-TAP,TP1,Super Luna Belo Vale,2,0,12.6,12.6,fabricacao,pendente,0,
TP5,TERÇA-TAP,TP5,Super Luna Belo Vale,1,0,77.1,77.1,fabricacao,pendente,0,
TP14,TERÇA-TAP,TP14,Super Luna Belo Vale,1,0,58.8,58.8,fabricacao,pendente,0,
TC47,TERÇA,TC47,Super Luna Belo Vale,2,0,61.9,61.9,fabricacao,pendente,0,
TL2,TRELIÇA,TL2,Super Luna Belo Vale,1,0,83.4,83.4,fabricacao,pendente,0,
TP19,TERÇA-TAP,TP19,Super Luna Belo Vale,1,0,35.3,35.3,fabricacao,pendente,0,
TP6,TERÇA-TAP,TP6,Super Luna Belo Vale,2,0,82.55,82.55,fabricacao,pendente,0,
TP12,TERÇA-TAP,TP12,Super Luna Belo Vale,1,0,58.8,58.8,fabricacao,pendente,0,
TC41,TERÇA,TC41,Super Luna Belo Vale,2,0,50.25,50.25,fabricacao,pendente,0,
TC57,TERÇA,TC57,Super Luna Belo Vale,1,0,21.3,21.3,fabricacao,pendente,0,
TC80,TERÇA,TC80,Super Luna Belo Vale,1,0,19.8,19.8,fabricacao,pendente,0,
TL12,TRELIÇA,TL12,Super Luna Belo Vale,1,0,46.7,46.7,fabricacao,pendente,0,
TP27,TERÇA-TAP,TP27,Super Luna Belo Vale,2,0,49.95,49.95,fabricacao,pendente,0,
TC48,TERÇA,TC48,Super Luna Belo Vale,2,0,61.9,61.9,fabricacao,pendente,0,
TC62,TERÇA,TC62,Super Luna Belo Vale,2,0,56.85,56.85,fabricacao,pendente,0,
TC63,TERÇA,TC63,Super Luna Belo Vale,2,0,53.9,53.9,fabricacao,pendente,0,
TC66,TERÇA,TC66,Super Luna Belo Vale,1,0,25.6,25.6,fabricacao,pendente,0,
TC70,TERÇA,TC70,Super Luna Belo Vale,2,0,62.35,62.35,fabricacao,pendente,0,
TC82,TERÇA,TC82,Super Luna Belo Vale,1,0,24.1,24.1,fabricacao,pendente,0,
TL4,TRELIÇA,TL4,Super Luna Belo Vale,1,0,93.8,93.8,fabricacao,pendente,0,
TL14,TRELIÇA,TL14,Super Luna Belo Vale,1,0,49.6,49.6,fabricacao,pendente,0,
TL23,TRELIÇA,TL23,Super Luna Belo Vale,1,0,64.2,64.2,fabricacao,pendente,0,
TP25,TERÇA-TAP,TP25,Super Luna Belo Vale,1,0,33.6,33.6,fabricacao,pendente,0,
TC59,TERÇA,TC59,Super Luna Belo Vale,2,0,25.3,25.3,fabricacao,pendente,0,
TC61,TERÇA,TC61,Super Luna Belo Vale,2,0,25.3,25.3,fabricacao,pendente,0,
TC81,TERÇA,TC81,Super Luna Belo Vale,1,0,33,33,fabricacao,pendente,0,
TL18,TRELIÇA,TL18,Super Luna Belo Vale,1,0,106.5,106.5,fabricacao,pendente,0,
TL20,TRELIÇA,TL20,Super Luna Belo Vale,1,0,47.8,47.8,fabricacao,pendente,0,
TL22,TRELIÇA,TL22,Super Luna Belo Vale,1,0,67.4,67.4,fabricacao,pendente,0,
TP18,TERÇA-TAP,TP18,Super Luna Belo Vale,1,0,27.5,27.5,fabricacao,pendente,0,
TP22,TERÇA-TAP,TP22,Super Luna Belo Vale,1,0,51.5,51.5,fabricacao,pendente,0,
TL10,TRELIÇA,TL10,Super Luna Belo Vale,1,0,83.8,83.8,fabricacao,pendente,0,
TL13,TRELIÇA,TL13,Super Luna Belo Vale,1,0,87.2,87.2,fabricacao,pendente,0,
TL19,TRELIÇA,TL19,Super Luna Belo Vale,2,0,67.25,67.25,fabricacao,pendente,0,
TP13,TERÇA-TAP,TP13,Super Luna Belo Vale,1,0,59.6,59.6,fabricacao,pendente,0,
TC58,TERÇA,TC58,Super Luna Belo Vale,2,0,21.3,21.3,fabricacao,pendente,0,
TL24,TRELIÇA,TL24,Super Luna Belo Vale,1,0,53.2,53.2,fabricacao,pendente,0,
TP11,TERÇA-TAP,TP11,Super Luna Belo Vale,1,0,74.7,74.7,fabricacao,pendente,0,
TP24,TERÇA-TAP,TP24,Super Luna Belo Vale,2,0,26.6,26.6,fabricacao,pendente,0,
TC50,TERÇA,TC50,Super Luna Belo Vale,1,0,23.1,23.1,fabricacao,pendente,0,
TC72,TERÇA,TC72,Super Luna Belo Vale,2,0,33.6,33.6,fabricacao,pendente,0,
TL1,TRELIÇA,TL1,Super Luna Belo Vale,1,0,64.9,64.9,fabricacao,pendente,0,
TL9,TRELIÇA,TL9,Super Luna Belo Vale,1,0,82.2,82.2,fabricacao,pendente,0,
TP2,TERÇA-TAP,TP2,Super Luna Belo Vale,1,0,60.6,60.6,fabricacao,pendente,0,
TP29,TERÇA-TAP,TP29,Super Luna Belo Vale,1,0,49.9,49.9,fabricacao,pendente,0,
TC39,TERÇA,TC39,Super Luna Belo Vale,1,0,50.3,50.3,fabricacao,pendente,0,
TC52,TERÇA,TC52,Super Luna Belo Vale,1,0,23.1,23.1,fabricacao,pendente,0,
TC77,TERÇA,TC77,Super Luna Belo Vale,1,0,24.1,24.1,fabricacao,pendente,0,
TL3,TRELIÇA,TL3,Super Luna Belo Vale,1,0,63.8,63.8,fabricacao,pendente,0,
TL15,TRELIÇA,TL15,Super Luna Belo Vale,1,0,82.5,82.5,fabricacao,pendente,0,
TL21,TRELIÇA,TL21,Super Luna Belo Vale,1,0,39.8,39.8,fabricacao,pendente,0,
TP10,TERÇA-TAP,TP10,Super Luna Belo Vale,2,0,61.8,61.8,fabricacao,pendente,0,
TC45,TERÇA,TC45,Super Luna Belo Vale,1,0,51.9,51.9,fabricacao,pendente,0,
TC46,TERÇA,TC46,Super Luna Belo Vale,1,0,51.9,51.9,fabricacao,pendente,0,
TC60,TERÇA,TC60,Super Luna Belo Vale,2,0,25.3,25.3,fabricacao,pendente,0,
TL6,TRELIÇA,TL6,Super Luna Belo Vale,1,0,81.9,81.9,fabricacao,pendente,0,
TP4,TERÇA-TAP,TP4,Super Luna Belo Vale,1,0,60.6,60.6,fabricacao,pendente,0,
TP16,TERÇA-TAP,TP16,Super Luna Belo Vale,1,0,28.3,28.3,fabricacao,pendente,0,
TC44,TERÇA,TC44,Super Luna Belo Vale,1,0,51.9,51.9,fabricacao,pendente,0,
TC51,TERÇA,TC51,Super Luna Belo Vale,1,0,23.1,23.1,fabricacao,pendente,0,
TC65,TERÇA,TC65,Super Luna Belo Vale,1,0,15.9,15.9,fabricacao,pendente,0,
TC68,TERÇA,TC68,Super Luna Belo Vale,1,0,25.6,25.6,fabricacao,pendente,0,
TC71,TERÇA,TC71,Super Luna Belo Vale,1,0,62.4,62.4,fabricacao,pendente,0,
TL17,TRELIÇA,TL17,Super Luna Belo Vale,1,0,91.1,91.1,fabricacao,pendente,0,
TP7,TERÇA-TAP,TP7,Super Luna Belo Vale,1,0,82.5,82.5,fabricacao,pendente,0,
TP8,TERÇA-TAP,TP8,Super Luna Belo Vale,1,0,82.5,82.5,fabricacao,pendente,0,
TP28,TERÇA-TAP,TP28,Super Luna Belo Vale,1,0,49.9,49.9,fabricacao,pendente,0,
CT4,CONTRAVENTAMENTO,CT4,Super Luna Belo Vale,2,0,15.8,15.8,fabricacao,pendente,0,
CT20,CONTRAVENTAMENTO,CT20,Super Luna Belo Vale,1,0,19,19,fabricacao,pendente,0,
TC12,TERÇA,TC12,Super Luna Belo Vale,17,0,57.58,57.58,fabricacao,pendente,0,
TC14,TERÇA,TC14,Super Luna Belo Vale,1,0,28.1,28.1,fabricacao,pendente,0,
TC38,TERÇA,TC38,Super Luna Belo Vale,2,0,22.35,22.35,fabricacao,pendente,0,
CT18,CONTRAVENTAMENTO,CT18,Super Luna Belo Vale,4,0,10.75,10.75,fabricacao,pendente,0,
CT19,CONTRAVENTAMENTO,CT19,Super Luna Belo Vale,2,0,19.75,19.75,fabricacao,pendente,0,
CT22,CONTRAVENTAMENTO,CT22,Super Luna Belo Vale,2,0,18.5,18.5,fabricacao,pendente,0,
MF3,MÃO-FRANCESA,MF3,Super Luna Belo Vale,80,0,2.58,2.58,fabricacao,pendente,0,
TC10,TERÇA,TC10,Super Luna Belo Vale,28,0,82.54,82.54,fabricacao,pendente,0,
TC11,TERÇA,TC11,Super Luna Belo Vale,19,0,61.81,61.81,fabricacao,pendente,0,
TC13,TERÇA,TC13,Super Luna Belo Vale,1,0,28.1,28.1,fabricacao,pendente,0,
CT13,CONTRAVENTAMENTO,CT13,Super Luna Belo Vale,2,0,17.85,17.85,fabricacao,pendente,0,
CT16,CONTRAVENTAMENTO,CT16,Super Luna Belo Vale,6,0,17.63,17.63,fabricacao,pendente,0,
CT21,CONTRAVENTAMENTO,CT21,Super Luna Belo Vale,1,0,18.8,18.8,fabricacao,pendente,0,
CT32,CONTRAVENTAMENTO,CT32,Super Luna Belo Vale,2,0,19.55,19.55,fabricacao,pendente,0,
TC21,TERÇA,TC21,Super Luna Belo Vale,1,0,26.6,26.6,fabricacao,pendente,0,
TC26,TERÇA,TC26,Super Luna Belo Vale,6,0,82.55,82.55,fabricacao,pendente,0,
CB3,CHUMBADOR,CB3,Super Luna Belo Vale,24,0,2.19,2.19,fabricacao,pendente,0,
MF1,MÃO-FRANCESA,MF1,Super Luna Belo Vale,72,0,2.36,2.36,fabricacao,pendente,0,
TC3,TERÇA,TC3,Super Luna Belo Vale,1,0,61.8,61.8,fabricacao,pendente,0,
TC20,TERÇA,TC20,Super Luna Belo Vale,1,0,26.6,26.6,fabricacao,pendente,0,
CT10,CONTRAVENTAMENTO,CT10,Super Luna Belo Vale,2,0,18.2,18.2,fabricacao,pendente,0,
CT25,CONTRAVENTAMENTO,CT25,Super Luna Belo Vale,2,0,17.65,17.65,fabricacao,pendente,0,
CT27,CONTRAVENTAMENTO,CT27,Super Luna Belo Vale,2,0,17.45,17.45,fabricacao,pendente,0,
CT30,CONTRAVENTAMENTO,CT30,Super Luna Belo Vale,4,0,11.4,11.4,fabricacao,pendente,0,
MF4,MÃO-FRANCESA,MF4,Super Luna Belo Vale,12,0,2.32,2.32,fabricacao,pendente,0,
TC6,TERÇA,TC6,Super Luna Belo Vale,1,0,92.2,92.2,fabricacao,pendente,0,
TC31,TERÇA,TC31,Super Luna Belo Vale,3,0,26.03,26.03,fabricacao,pendente,0,
TC35,TERÇA,TC35,Super Luna Belo Vale,5,0,57.58,57.58,fabricacao,pendente,0,
CT5,CONTRAVENTAMENTO,CT5,Super Luna Belo Vale,6,0,15.8,15.8,fabricacao,pendente,0,
CT6,CONTRAVENTAMENTO,CT6,Super Luna Belo Vale,18,0,17.58,17.58,fabricacao,pendente,0,
CT29,CONTRAVENTAMENTO,CT29,Super Luna Belo Vale,8,0,11.34,11.34,fabricacao,pendente,0,
TC24,TERÇA,TC24,Super Luna Belo Vale,2,0,49.95,49.95,fabricacao,pendente,0,
TC29,TERÇA,TC29,Super Luna Belo Vale,3,0,26.03,26.03,fabricacao,pendente,0,
CT14,CONTRAVENTAMENTO,CT14,Super Luna Belo Vale,2,0,15.85,15.85,fabricacao,pendente,0,
CT28,CONTRAVENTAMENTO,CT28,Super Luna Belo Vale,2,0,18.3,18.3,fabricacao,pendente,0,
CT33,CONTRAVENTAMENTO,CT33,Super Luna Belo Vale,2,0,18.75,18.75,fabricacao,pendente,0,
TC15,TERÇA,TC15,Super Luna Belo Vale,1,0,28.1,28.1,fabricacao,pendente,0,
CB2,CHUMBADOR,CB2,Super Luna Belo Vale,52,0,1.24,1.24,fabricacao,pendente,0,
CT1,CONTRAVENTAMENTO,CT1,Super Luna Belo Vale,2,0,17.35,17.35,fabricacao,pendente,0,
CT3,CONTRAVENTAMENTO,CT3,Super Luna Belo Vale,4,0,11.6,11.6,fabricacao,pendente,0,
CT23,CONTRAVENTAMENTO,CT23,Super Luna Belo Vale,2,0,18.55,18.55,fabricacao,pendente,0,
TC19,TERÇA,TC19,Super Luna Belo Vale,1,0,26.6,26.6,fabricacao,pendente,0,
TC33,TERÇA,TC33,Super Luna Belo Vale,5,0,82.54,82.54,fabricacao,pendente,0,
CT7,CONTRAVENTAMENTO,CT7,Super Luna Belo Vale,18,0,18.39,18.39,fabricacao,pendente,0,
CT17,CONTRAVENTAMENTO,CT17,Super Luna Belo Vale,6,0,18.43,18.43,fabricacao,pendente,0,
MF2,MÃO-FRANCESA,MF2,Super Luna Belo Vale,139,0,2.62,2.62,fabricacao,pendente,0,
TC17,TERÇA,TC17,Super Luna Belo Vale,1,0,52.3,52.3,fabricacao,pendente,0,
TC28,TERÇA,TC28,Super Luna Belo Vale,5,0,57.58,57.58,fabricacao,pendente,0,
TC34,TERÇA,TC34,Super Luna Belo Vale,4,0,61.8,61.8,fabricacao,pendente,0,
CT31,CONTRAVENTAMENTO,CT31,Super Luna Belo Vale,8,0,13.65,13.65,fabricacao,pendente,0,
TC2,TERÇA,TC2,Super Luna Belo Vale,1,0,92.2,92.2,fabricacao,pendente,0,
TC4,TERÇA,TC4,Super Luna Belo Vale,1,0,65.9,65.9,fabricacao,pendente,0,
TC8,TERÇA,TC8,Super Luna Belo Vale,1,0,65.9,65.9,fabricacao,pendente,0,
TC23,TERÇA,TC23,Super Luna Belo Vale,1,0,49.9,49.9,fabricacao,pendente,0,
TC30,TERÇA,TC30,Super Luna Belo Vale,3,0,26.03,26.03,fabricacao,pendente,0,
CL1,COLUNETA,CL1,Super Luna Belo Vale,3,0,81.67,81.67,fabricacao,pendente,0,
CT2,CONTRAVENTAMENTO,CT2,Super Luna Belo Vale,2,0,18.15,18.15,fabricacao,pendente,0,
CT26,CONTRAVENTAMENTO,CT26,Super Luna Belo Vale,2,0,18.45,18.45,fabricacao,pendente,0,
TC36,TERÇA,TC36,Super Luna Belo Vale,1,0,22.4,22.4,fabricacao,pendente,0,
CB1,CHUMBADOR,CB1,Super Luna Belo Vale,124,0,2.19,2.19,fabricacao,pendente,0,
CT9,CONTRAVENTAMENTO,CT9,Super Luna Belo Vale,12,0,11.53,11.53,fabricacao,pendente,0,
SP1,SUPORTE,SP1,Super Luna Belo Vale,1,0,53.1,53.1,fabricacao,pendente,0,
TC5,TERÇA,TC5,Super Luna Belo Vale,1,0,60.6,60.6,fabricacao,pendente,0,
TC25,TERÇA,TC25,Super Luna Belo Vale,6,0,59.35,59.35,fabricacao,pendente,0,
TC18,TERÇA,TC18,Super Luna Belo Vale,2,0,52.25,52.25,fabricacao,pendente,0,
TC27,TERÇA,TC27,Super Luna Belo Vale,4,0,61.8,61.8,fabricacao,pendente,0,
DN1,DIAGONAL,DN1,Super Luna Belo Vale,13,0,97.64,97.64,fabricacao,pendente,0,
TC9,TERÇA,TC9,Super Luna Belo Vale,28,0,59.34,59.34,fabricacao,pendente,0,
TC22,TERÇA,TC22,Super Luna Belo Vale,1,0,49.9,49.9,fabricacao,pendente,0,
TC32,TERÇA,TC32,Super Luna Belo Vale,5,0,59.34,59.34,fabricacao,pendente,0,
CT15,CONTRAVENTAMENTO,CT15,Super Luna Belo Vale,2,0,15.85,15.85,fabricacao,pendente,0,
TC7,TERÇA,TC7,Super Luna Belo Vale,1,0,61.8,61.8,fabricacao,pendente,0,
TC16,TERÇA,TC16,Super Luna Belo Vale,1,0,52.3,52.3,fabricacao,pendente,0,
TC37,TERÇA,TC37,Super Luna Belo Vale,1,0,22.4,22.4,fabricacao,pendente,0,
CB4,CHUMBADOR,CB4,Super Luna Belo Vale,40,0,2.19,2.19,fabricacao,pendente,0,
CT8,CONTRAVENTAMENTO,CT8,Super Luna Belo Vale,4,0,11.68,11.68,fabricacao,pendente,0,
CT11,CONTRAVENTAMENTO,CT11,Super Luna Belo Vale,2,0,19,19,fabricacao,pendente,0,
CT12,CONTRAVENTAMENTO,CT12,Super Luna Belo Vale,2,0,17,17,fabricacao,pendente,0,
CT24,CONTRAVENTAMENTO,CT24,Super Luna Belo Vale,4,0,16.6,16.6,fabricacao,pendente,0,
CT34,CONTRAVENTAMENTO,CT34,Super Luna Belo Vale,4,0,9.8,9.8,fabricacao,pendente,0,
TC1,TERÇA,TC1,Super Luna Belo Vale,1,0,60.6,60.6,fabricacao,pendente,0,
C1A,COLUNA,C1A,Super Luna Belo Vale,1,0,598.6,598.6,fabricacao,pendente,0,
C8A,COLUNA,C8A,Super Luna Belo Vale,1,0,575.5,575.5,fabricacao,pendente,0,
C17A,COLUNA,C17A,Super Luna Belo Vale,1,0,614.3,614.3,fabricacao,pendente,0,
C46A,COLUNA,C46A,Super Luna Belo Vale,1,0,195.6,195.6,fabricacao,pendente,0,
C7A,COLUNA,C7A,Super Luna Belo Vale,1,0,581.8,581.8,fabricacao,pendente,0,
C11A,COLUNA,C11A,Super Luna Belo Vale,2,0,731.65,731.65,fabricacao,pendente,0,
C12A,COLUNA,C12A,Super Luna Belo Vale,1,0,601.8,601.8,fabricacao,pendente,0,
C18A,COLUNA,C18A,Super Luna Belo Vale,1,0,610.3,610.3,fabricacao,pendente,0,
C19A,COLUNA,C19A,Super Luna Belo Vale,1,0,574.7,574.7,fabricacao,pendente,0,
C24A,COLUNA,C24A,Super Luna Belo Vale,1,0,745.1,745.1,fabricacao,pendente,0,
CA6,CALHA,CA6,Super Luna Belo Vale,1,0,24.9,24.9,fabricacao,pendente,0,
CA8,CALHA,CA8,Super Luna Belo Vale,2,0,111.2,111.2,fabricacao,pendente,0,
BC1,BOCAL,BC1,Super Luna Belo Vale,22,0,1.88,1.88,fabricacao,pendente,0,
C2A,COLUNA,C2A,Super Luna Belo Vale,1,0,595.6,595.6,fabricacao,pendente,0,
C3A,COLUNA,C3A,Super Luna Belo Vale,1,0,595.6,595.6,fabricacao,pendente,0,
C6A,COLUNA,C6A,Super Luna Belo Vale,7,0,257.2,257.2,fabricacao,pendente,0,
C16A,COLUNA,C16A,Super Luna Belo Vale,2,0,776.65,776.65,fabricacao,pendente,0,
C20A,COLUNA,C20A,Super Luna Belo Vale,3,0,769.43,769.43,fabricacao,pendente,0,
CA9,CALHA,CA9,Super Luna Belo Vale,5,0,109.48,109.48,fabricacao,pendente,0,
CA14,CALHA,CA14,Super Luna Belo Vale,1,0,28.1,28.1,fabricacao,pendente,0,
C21A,COLUNA,C21A,Super Luna Belo Vale,1,0,599.9,599.9,fabricacao,pendente,0,
CA3,CALHA,CA3,Super Luna Belo Vale,8,0,103.29,103.29,fabricacao,pendente,0,
C10A,COLUNA,C10A,Super Luna Belo Vale,1,0,618.9,618.9,fabricacao,pendente,0,
C4A,COLUNA,C4A,Super Luna Belo Vale,1,0,595.6,595.6,fabricacao,pendente,0,
C43A,COLUNA,C43A,Super Luna Belo Vale,1,0,611,611,fabricacao,pendente,0,
C47A,COLUNA,C47A,Super Luna Belo Vale,1,0,191.1,191.1,fabricacao,pendente,0,
CA2,CALHA,CA2,Super Luna Belo Vale,2,0,104.85,104.85,fabricacao,pendente,0,
CA7,CALHA,CA7,Super Luna Belo Vale,2,0,94.85,94.85,fabricacao,pendente,0,
BC2,BOCAL,BC2,Super Luna Belo Vale,35,0,1.04,1.04,fabricacao,pendente,0,
C27A,COLUNA,C27A,Super Luna Belo Vale,1,0,595.5,595.5,fabricacao,pendente,0,
C28A,COLUNA,C28A,Super Luna Belo Vale,1,0,630.4,630.4,fabricacao,pendente,0,
C34A,COLUNA,C34A,Super Luna Belo Vale,1,0,614.5,614.5,fabricacao,pendente,0,
C45A,COLUNA,C45A,Super Luna Belo Vale,1,0,326.3,326.3,fabricacao,pendente,0,
CA4,CALHA,CA4,Super Luna Belo Vale,2,0,104.85,104.85,fabricacao,pendente,0,
CA12,CALHA,CA12,Super Luna Belo Vale,1,0,10.3,10.3,fabricacao,pendente,0,
C15A,COLUNA,C15A,Super Luna Belo Vale,1,0,636.4,636.4,fabricacao,pendente,0,
C22A,COLUNA,C22A,Super Luna Belo Vale,1,0,159,159,fabricacao,pendente,0,
C37A,COLUNA,C37A,Super Luna Belo Vale,1,0,599.4,599.4,fabricacao,pendente,0,
C42A,COLUNA,C42A,Super Luna Belo Vale,1,0,217.1,217.1,fabricacao,pendente,0,
C44A,COLUNA,C44A,Super Luna Belo Vale,1,0,683.1,683.1,fabricacao,pendente,0,
CA1,CALHA,CA1,Super Luna Belo Vale,2,0,94.85,94.85,fabricacao,pendente,0,
C14A,COLUNA,C14A,Super Luna Belo Vale,1,0,617.1,617.1,fabricacao,pendente,0,
C26A,COLUNA,C26A,Super Luna Belo Vale,1,0,745.1,745.1,fabricacao,pendente,0,
C31A,COLUNA,C31A,Super Luna Belo Vale,1,0,591.6,591.6,fabricacao,pendente,0,
C33A,COLUNA,C33A,Super Luna Belo Vale,1,0,603.2,603.2,fabricacao,pendente,0,
C35A,COLUNA,C35A,Super Luna Belo Vale,2,0,793.45,793.45,fabricacao,pendente,0,
C36A,COLUNA,C36A,Super Luna Belo Vale,1,0,697.3,697.3,fabricacao,pendente,0,
C5A,COLUNA,C5A,Super Luna Belo Vale,1,0,606.4,606.4,fabricacao,pendente,0,
C29A,COLUNA,C29A,Super Luna Belo Vale,1,0,441.8,441.8,fabricacao,pendente,0,
C39A,COLUNA,C39A,Super Luna Belo Vale,1,0,657.1,657.1,fabricacao,pendente,0,
C13A,COLUNA,C13A,Super Luna Belo Vale,1,0,610.8,610.8,fabricacao,pendente,0,
C30A,COLUNA,C30A,Super Luna Belo Vale,1,0,259.6,259.6,fabricacao,pendente,0,
C32A,COLUNA,C32A,Super Luna Belo Vale,2,0,750.55,750.55,fabricacao,pendente,0,
C40A,COLUNA,C40A,Super Luna Belo Vale,1,0,214.1,214.1,fabricacao,pendente,0,
C41A,COLUNA,C41A,Super Luna Belo Vale,1,0,611,611,fabricacao,pendente,0,
CA5,CALHA,CA5,Super Luna Belo Vale,19,0,93.55,93.55,fabricacao,pendente,0,
CA10,CALHA,CA10,Super Luna Belo Vale,2,0,89.55,89.55,fabricacao,pendente,0,
CA15,CALHA,CA15,Super Luna Belo Vale,1,0,34.4,34.4,fabricacao,pendente,0,
CA16,CALHA,CA16,Super Luna Belo Vale,1,0,4.4,4.4,fabricacao,pendente,0,
C25A,COLUNA,C25A,Super Luna Belo Vale,1,0,745.1,745.1,fabricacao,pendente,0,
C38A,COLUNA,C38A,Super Luna Belo Vale,1,0,683.8,683.8,fabricacao,pendente,0,
C9A,COLUNA,C9A,Super Luna Belo Vale,1,0,593.6,593.6,fabricacao,pendente,0,
C23A,COLUNA,C23A,Super Luna Belo Vale,1,0,597.1,597.1,fabricacao,pendente,0,
CA11,CALHA,CA11,Super Luna Belo Vale,1,0,88.4,88.4,fabricacao,pendente,0,
CA13,CALHA,CA13,Super Luna Belo Vale,2,0,89.55,89.55,fabricacao,pendente,0,
